"seqnames","start","end","width","strand","Conc","Conc_p53KD","Conc_Scramble","Fold","p.value","FDR","annotation","geneChr","geneStart","geneEnd","geneLength","geneStrand","geneId","transcriptId","distanceToTSS","ENSEMBL","SYMBOL","GENENAME","annotation_category","input_gene","ENTREZID"
"chr7",100148821,100149321,501,"*",6.0426282226989,0,7.0426282226989,-8.36721030583638,3.15661267020354e-09,3.3902020077986e-06,"Promoter (<=1kb)",7,100148912,100154203,5292,1,"389541","ENST00000474141.5",0,"ENSG00000188186","LAMTOR4","late endosomal/lysosomal adaptor, MAPK and MTOR activator 4","Promoter (<=1 kb)","LAMTOR4","389541"
"chr7",102464281,102464781,501,"*",6.11431862340906,0,7.11431862340906,-8.29752648253577,2.46150308840104e-08,1.58619259016563e-05,"Promoter (<=1kb)",7,102459397,102464857,5461,2,"54784","ENST00000498283.1",76,"ENSG00000160993","ALKBH4","alkB homolog 4, lysine demethylase","Promoter (<=1 kb)","ALKBH4","54784"
"chr11",69010952,69011452,501,"*",5.384789960145,0,6.384789960145,-7.61549541308898,2.81384883504002e-07,0.000151103682441649,"Promoter (<=1kb)",11,69012283,69014556,2274,1,"101928200","ENST00000569432.2",-831,"ENSG00000256508","MRGPRF-AS1","MRGPRF antisense RNA 1","Promoter (<=1 kb)","MRGPRF-AS1","101928200"
"chr2",39123825,39124325,501,"*",5.28281296728795,0,6.28281296728795,-7.41695960667147,9.83899103476041e-07,0.000409114358745645,"Promoter (<=1kb)",2,39023146,39124345,101200,2,"6654","ENST00000690679.1",20,"ENSG00000115904","SOS1","SOS Ras/Rac guanine nucleotide exchange factor 1","Promoter (<=1 kb)","SOS1","6654"
"chr14",23071297,23071797,501,"*",5.16611126912757,0,6.16611126912757,-7.33494015023422,1.0158022563517e-06,0.000409114358745645,"Promoter (<=1kb)",14,23058564,23071565,13002,2,"22985","ENST00000557515.5",0,"ENSG00000100813","ACIN1","apoptotic chromatin condensation inducer 1","Promoter (<=1 kb)","ACIN1","22985"
"chr17",7046952,7047452,501,"*",5.31830775522969,0,6.31830775522969,-7.24570352675528,3.64772114959965e-06,0.000652942085778337,"Promoter (2-3kb)",17,7041621,7044092,2472,2,"162515","ENST00000673828.2",-2860,"ENSG00000174326","SLC16A11","solute carrier family 16 member 11","Promoter (2-3 kb)","SLC16A11","162515"
"chr11",78139042,78139542,501,"*",5.00608800873186,0,6.00608800873186,-7.16347984691335,1.67838938801354e-06,0.000517465302461274,"Promoter (<=1kb)",11,78100946,78139258,38313,2,"79053","ENST00000530910.6",0,"ENSG00000159063","ALG8","ALG8 alpha-1,3-glucosyltransferase","Promoter (<=1 kb)","ALG8","79053"
"chr19",12933423,12933923,501,"*",4.98447885944549,0,5.98447885944549,-7.13008836931712,1.92724507434367e-06,0.000517465302461274,"Promoter (<=1kb)",19,12922479,12933711,11233,2,"2193","ENST00000314606.9",0,"ENSG00000179115","FARSA","phenylalanyl-tRNA synthetase subunit alpha","Promoter (<=1 kb)","FARSA","2193"
"chr7",152759716,152760216,501,"*",5.10128362245003,0,6.10128362245003,-7.1187512109924,3.39860394557249e-06,0.000644135406625563,"Promoter (<=1kb)",7,152759749,152854938,95190,1,"57180","ENST00000377776.7",0,"ENSG00000133627","ACTR3B","actin related protein 3B","Promoter (<=1 kb)","ACTR3B","57180"
"chr2",202374748,202375248,501,"*",5.0518329162097,0,6.0518329162097,-7.10819068490328,2.98306826117727e-06,0.000640763062500879,"Promoter (1-2kb)",2,202376327,202567749,191423,1,"659","ENST00000374580.10",-1079,"ENSG00000204217","BMPR2","bone morphogenetic protein receptor type 2","Promoter (1-2 kb)","BMPR2","659"
"chr17",17913813,17914313,501,"*",4.92880869885139,0,5.92880869885139,-7.01031335133528,3.29427820745603e-06,0.000644135406625563,"Intron (ENST00000581396.6/146691, intron 1 of 13)",17,17846825,17872064,25240,2,"146691","ENST00000478943.5",-41749,"ENSG00000175662","TOM1L2","target of myb1 like 2 membrane trafficking protein","Other intron","TOM1L2","146691"
"chr1",161132338,161132838,501,"*",4.82490301926277,0,5.82490301926277,-6.88505551263067,4.54602047523094e-06,0.000770909366904951,"Promoter (<=1kb)",1,161120974,161132667,11694,2,"9191","ENST00000368006.8",0,"ENSG00000158796","DEDD","death effector domain containing","Promoter (<=1 kb)","DEDD","9191"
"chr16",88315333,88315833,501,"*",4.91522742876287,0,5.91522742876287,-6.86971382325721,6.64019115994792e-06,0.00106973479586761,"Distal Intergenic",16,88268699,88294886,26188,1,"84627","ENST00000767805.1",46634,"ENSG00000225614","ZNF469","zinc finger protein 469","Distal intergenic","ZNF469","84627"
"chr16",29789827,29790327,501,"*",4.77939221209565,0,5.77939221209565,-6.75356032821583,7.5482720756918e-06,0.00110547875581268,"Promoter (<=1kb)",16,29790727,29805384,14658,1,"3835","ENST00000691169.1",-400,"ENSG00000079616","KIF22","kinesin family member 22","Promoter (<=1 kb)","KIF22","3835"
"chr11",73142783,73143283,501,"*",4.90241499345439,0,5.90241499345439,-6.74995218438461,1.07498250155754e-05,0.001443164008341,"Promoter (<=1kb)",11,72836745,73142318,305574,2,"9873","ENST00000409418.9",-465,"ENSG00000137478","FCHSD2","FCH and double SH3 domains 2","Promoter (<=1 kb)","FCHSD2","9873"
"chr5",154038889,154039389,501,"*",4.71910847798026,0,5.71910847798026,-6.68502242650584,8.60181798339977e-06,0.00120500250184844,"Promoter (<=1kb)",5,153990148,154038910,48763,2,"10827","ENST00000351797.9",0,"ENSG00000055147","FAM114A2","family with sequence similarity 114 member A2","Promoter (<=1 kb)","FAM114A2","10827"
"chr5",134758371,134758871,501,"*",4.66393337246939,0,5.66393337246939,-6.58173357828123,1.14323318422333e-05,0.00147339892782703,"Promoter (<=1kb)",5,134758771,134790122,31352,1,"9879","ENST00000628477.2",0,"ENSG00000145833","DDX46","DEAD-box helicase 46","Promoter (<=1 kb)","DDX46","9879"
"chr22",29096577,29097077,501,"*",4.87896612307083,0,5.87896612307083,-6.54438096119262,2.09126442050481e-05,0.00184275507193784,"Intron (ENST00000400335.9/83999, intron 2 of 8)",22,29073131,29142112,68982,1,"83999","ENST00000407188.5",23446,"ENSG00000183762","KREMEN1","kringle containing transmembrane protein 1","Other intron","KREMEN1","83999"
"chr14",49767504,49768004,501,"*",4.75108620362187,0,5.75108620362187,-6.52504623997696,1.72445854802129e-05,0.00173631420053894,"Promoter (<=1kb)",14,49768130,49783105,14976,1,"23588","ENST00000555739.5",-126,"ENSG00000165516","KLHDC2","kelch domain containing 2","Promoter (<=1 kb)","KLHDC2","23588"
"chr19",2541166,2541666,501,"*",4.6321615186653,0,5.6321615186653,-6.48931396461482,1.49899991071084e-05,0.00173631420053894,"Intron (ENST00000382159.8/2788, intron 3 of 4)",19,2491706,2494839,3134,2,"124904614","ENST00000776228.1",-46327,"ENSG00000301105","LOC124904614","uncharacterized LOC124904614","Other intron","LOC124904614","124904614"
"chr15",100803813,100804313,501,"*",4.6296831449884,0,5.6296831449884,-6.47565937073331,1.57016851800583e-05,0.00173631420053894,"Exon (ENST00000770601.1/105371024, exon 5 of 5)",15,100782417,100786189,3773,2,"440313","ENST00000639346.1",-17624,NA,"LOC440313","protein enabled homolog","Other exon","LOC440313","440313"
"chr19",40417016,40417516,501,"*",4.62149983684784,0,5.62149983684784,-6.44996583265741,1.68215523205948e-05,0.00173631420053894,"Promoter (2-3kb)",19,40413338,40414793,1456,2,"57716","ENST00000676042.1",-2223,"ENSG00000105227","PRX","periaxin","Promoter (2-3 kb)","PRX","57716"
"chr1",228082099,228082599,501,"*",4.61321512485571,0,5.61321512485571,-6.42104891213982,1.82965982883237e-05,0.00175945924087355,"Promoter (<=1kb)",1,228082708,228099212,16505,1,"375","ENST00000272102.10",-109,"ENSG00000143761","ARF1","ARF GTPase 1","Promoter (<=1 kb)","ARF1","375"
"chr1",35268433,35268933,501,"*",4.83775055888789,0,5.83775055888789,-6.32320557831437,3.60997888832332e-05,0.00242319832878703,"Promoter (<=1kb)",1,35268709,35422058,153350,1,"9202","ENST00000314607.11",0,"ENSG00000146463","ZMYM4","zinc finger MYM-type containing 4","Promoter (<=1 kb)","ZMYM4","9202"
"chr11",119845566,119846066,501,"*",4.55091828427679,0,5.55091828427679,-6.29136022652845,2.43473929746265e-05,0.00189976295168535,"Intron (ENST00000813938.1/124902771, intron 3 of 3)",11,119854780,119867684,12905,1,"124902771","ENST00000813945.1",-8714,"ENSG00000287545","LOC124902771","uncharacterized LOC124902771","Other intron","LOC124902771","124902771"
"chr5",69188803,69189303,501,"*",4.69403555204016,0,5.69403555204016,-6.29095239818802,3.14381252007022e-05,0.00215518381695027,"Promoter (<=1kb)",5,69181462,69189461,8000,2,"112267932","ENST00000732377.1",158,NA,"LOC112267932","uncharacterized LOC112267932","Promoter (<=1 kb)","LOC112267932","112267932"
"chr19",43503953,43504453,501,"*",4.50017513395156,0,5.50017513395156,-6.20584472209742,2.85449525363333e-05,0.00200334216244036,"Promoter (<=1kb)",19,43474341,43504414,30074,2,"653583","ENST00000596141.2",0,"ENSG00000176531","PHLDB3","pleckstrin homology like domain family B member 3","Promoter (<=1 kb)","PHLDB3","653583"
"chr22",38705697,38706197,501,"*",4.43764399338633,0,5.43764399338633,-6.05423505822111,3.88592114583899e-05,0.00255519141467209,"Promoter (<=1kb)",22,38705742,38716867,11126,1,"9567","ENST00000484657.5",0,"ENSG00000100226","GTPBP1","GTP binding protein 1","Promoter (<=1 kb)","GTPBP1","9567"
"chr11",57514108,57514608,501,"*",4.49150435087894,0,5.49150435087894,-6.01907725701251,4.60733111447812e-05,0.00291074918644088,"Promoter (<=1kb)",11,57493993,57514615,20623,2,"8501","ENST00000533066.5",7,"ENSG00000149150","SLC43A1","solute carrier family 43 member 1","Promoter (<=1 kb)","SLC43A1","8501"
"chr7",66075519,66076019,501,"*",4.40197866638683,0,5.40197866638683,-5.97464037003827,4.49752960048973e-05,0.00289820807455558,"Promoter (<=1kb)",7,66075800,66092930,17131,1,"435","ENST00000672586.1",0,"ENSG00000126522","ASL","argininosuccinate lyase","Promoter (<=1 kb)","ASL","435"
"chr15",98785758,98786258,501,"*",4.34560782328432,0,5.34560782328432,-5.83298555684451,5.80202650570607e-05,0.00346187581507129,"Promoter (1-2kb)",15,98784426,98784502,77,1,"100616432","ENST00000580728.1",1332,"ENSG00000264480","MIR4714","microRNA 4714","Promoter (1-2 kb)","MIR4714","100616432"
"chr6",42217307,42217807,501,"*",4.47216158969524,0,5.47216158969524,-5.81475176190894,7.09033143337584e-05,0.00400790313655034,"Promoter (<=1kb)",6,42206694,42217861,11168,2,"55173","ENST00000718325.1",54,"ENSG00000048544","MRPS10","mitochondrial ribosomal protein S10","Promoter (<=1 kb)","MRPS10","55173"
"chr19",44890485,44890985,501,"*",4.33493929861451,0,5.33493929861451,-5.79202732130836,6.268129992513e-05,0.00367198451561398,"Promoter (<=1kb)",19,44890569,44891525,957,1,"10452","ENST00000589253.1",0,"ENSG00000130204","TOMM40","translocase of outer mitochondrial membrane 40","Promoter (<=1 kb)","TOMM40","10452"
"chr2",200408680,200409180,501,"*",5.16839534926422,0,6.15875608300228,-5.73204067142612,2.46831153543657e-05,0.00189976295168535,"Intron (ENST00000439084.5/26010, intron 2 of 4)",2,200393077,200467378,74302,1,"26010","ENST00000438761.5",15603,"ENSG00000196141","SPATS2L","spermatogenesis associated serine rich 2 like","Other intron","SPATS2L","26010"
"chr17",43387832,43388332,501,"*",4.38010005559124,0,5.38010005559124,-5.7183486494684,7.7509371068398e-05,0.00421496877531297,"Promoter (<=1kb)",17,43338741,43388312,49572,2,"100130581","ENST00000658096.1",0,"ENSG00000188825","LINC00910","long intergenic non-protein coding RNA 910","Promoter (<=1 kb)","LINC00910","100130581"
"chr3",119464265,119464765,501,"*",4.64601879920939,0,5.64601879920939,-5.71681970740992,0.000102570727465819,0.00478960701296911,"Promoter (<=1kb)",3,119447018,119463665,16648,2,"55254","ENST00000468676.5",-600,"ENSG00000176142","TMEM39A","transmembrane protein 39A","Promoter (<=1 kb)","TMEM39A","55254"
"chr12",7994784,7995284,501,"*",4.31336261512562,0,5.31336261512562,-5.67350274938801,7.84910386464241e-05,0.00421496877531297,"Exon (ENST00000470614.1/ENST00000470614.1, exon 1 of 1)",12,7919230,8019007,99778,2,"6515","ENST00000707174.1",23723,"ENSG00000059804","SLC2A3","solute carrier family 2 member 3","Other exon","SLC2A3","6515"
"chr9",121075178,121075678,501,"*",4.50079772130198,0,5.50079772130198,-5.648124091029,0.000101033864118001,0.00478960701296911,"Promoter (<=1kb)",9,120932987,121075184,142198,2,"727","ENST00000696280.1",0,"ENSG00000106804","C5","complement C5","Promoter (<=1 kb)","C5","727"
"chr7",151226788,151227288,501,"*",4.44822765108208,0,5.44822765108208,-5.61366014150471,0.000102128356815778,0.00478960701296911,"Promoter (<=1kb)",7,151211484,151227205,15722,2,"10061","ENST00000287844.7",0,"ENSG00000033050","ABCF2","ATP binding cassette subfamily F member 2","Promoter (<=1 kb)","ABCF2","10061"
"chr3",49028966,49029466,501,"*",5.38675777870752,0,6.37014707444031,-5.61150536969534,1.68725096915698e-06,0.000517465302461274,"Promoter (<=1kb)",3,49024325,49029398,5074,2,"3615","ENST00000326739.9",0,"ENSG00000178035","IMPDH2","inosine monophosphate dehydrogenase 2","Promoter (<=1 kb)","IMPDH2","3615"
"chr20",47280967,47281467,501,"*",4.30005219163688,0,5.30005219163688,-5.60512979290691,8.8658986632231e-05,0.0046074073375653,"Intron (ENST00000311275.11/23613, intron 10 of 21)",20,47210413,47298900,88488,2,"23613","ENST00000467200.6",17433,"ENSG00000101040","ZMYND8","zinc finger MYND-type containing 8","Other intron","ZMYND8","23613"
"chr12",53218453,53218953,501,"*",4.30484790883548,0,5.30484790883548,-5.57833733044318,9.39087486048737e-05,0.00472082769921384,"Promoter (1-2kb)",12,53215374,53220084,4711,2,"5916","ENST00000548284.1",1131,"ENSG00000172819","RARG","retinoic acid receptor gamma","Promoter (1-2 kb)","RARG","5916"
"chr1",153550518,153551018,501,"*",4.30962773721104,0,5.30962773721104,-5.54389422924871,0.000100793663800793,0.00478960701296911,"Promoter (<=1kb)",1,153543621,153550136,6516,2,"6275","ENST00000368714.1",-382,"ENSG00000196154","S100A4","S100 calcium binding protein A4","Promoter (<=1 kb)","S100A4","6275"
"chr17",29580475,29580975,501,"*",4.24696193587412,0,5.24696193587412,-5.44522687902751,0.000113398832294833,0.00514607095287258,"Promoter (<=1kb)",17,29576380,29581381,5002,2,"28964","ENST00000585148.1",406,"ENSG00000108262","GIT1","GIT ArfGAP 1","Promoter (<=1 kb)","GIT1","28964"
"chr15",65868971,65869471,501,"*",4.24945166763927,0,5.24945166763927,-5.4314241120303,0.000116574684340056,0.00521506259380617,"Promoter (<=1kb)",15,65869456,65888247,18792,1,"8766","ENST00000564910.5",0,"ENSG00000103769","RAB11A","RAB11A, member RAS oncogene family","Promoter (<=1 kb)","RAB11A","8766"
"chr6",3194882,3195382,501,"*",4.3856169107226,0,5.3856169107226,-5.37468810072646,0.000145855875427381,0.00573106866618317,"Promoter (<=1kb)",6,3189648,3195777,6130,2,"100507194","ENST00000814153.1",395,"ENSG00000230269","LINC02525","long intergenic non-protein coding RNA 2525","Promoter (<=1 kb)","LINC02525","100507194"
"chr17",2511644,2512144,501,"*",4.17622531323446,0,5.17622531323446,-5.3015826100647,0.000136662397444129,0.0055040780570623,"Promoter (<=1kb)",17,2416049,2511888,95840,2,"79066","ENST00000263092.11",0,"ENSG00000127804","METTL16","methyltransferase 16, RNA N6-adenosine","Promoter (<=1 kb)","METTL16","79066"
"chr3",150408090,150408590,501,"*",4.93207750331912,0,5.91700570557593,-5.19983032173182,6.54429151483645e-05,0.00376530486800055,"Promoter (<=1kb)",3,150408298,150466422,58125,1,"9819","ENST00000361875.8",0,"ENSG00000196428","TSC22D2","TSC22 domain family member 2","Promoter (<=1 kb)","TSC22D2","9819"
"chr6",125956681,125957181,501,"*",4.29972845941629,0,5.29972845941629,-5.10821263310062,0.000207108239538814,0.00748906804721547,"Promoter (<=1kb)",6,125956770,125980244,23475,1,"135114","ENST00000229633.7",0,"ENSG00000111911","HINT3","histidine triad nucleotide binding protein 3","Promoter (<=1 kb)","HINT3","135114"
"chr15",64841998,64842498,501,"*",4.21240725995111,0,5.21240725995111,-5.10161094061219,0.00019577729873007,0.00719811202485636,"Promoter (<=1kb)",15,64841948,64930920,88973,1,"80301","ENST00000437723.1",50,"ENSG00000241839","PLEKHO2","pleckstrin homology domain containing O2","Promoter (<=1 kb)","PLEKHO2","80301"
"chr16",89325903,89326403,501,"*",4.11282121372736,0,5.11282121372736,-5.09755759612411,0.000181721199451947,0.00680820586783923,"Promoter (2-3kb)",16,89300696,89328986,28291,2,"29123","ENST00000563291.1",2583,"ENSG00000167522","ANKRD11","ankyrin repeat domain containing 11","Promoter (2-3 kb)","ANKRD11","29123"
"chrX",14029059,14029559,501,"*",4.10578307847813,0,5.10578307847813,-5.04447630275578,0.000196596479884345,0.00719811202485636,"Promoter (<=1kb)",23,14009111,14029615,20505,2,"54960","ENST00000332885.7",56,"ENSG00000046647","GEMIN8","gem nuclear organelle associated protein 8","Promoter (<=1 kb)","GEMIN8","54960"
