"Gene_set","Database","Pathway_ID","Pathway","GeneRatio","BgRatio","Count","P_value","Adjusted_P_value_FDR","Genes"
"loss_down","GO_BP","GO:0007166","cell surface receptor signaling pathway","8/16","280/1753",8,0.00153003491420236,0.469719413325625,"KREMEN1;C5;LIMK1;TNFRSF18;FBXW4;FGF3;TP53;TSPAN5"
"loss_down","GO_BP","GO:0000959","mitochondrial RNA metabolic process","2/16","10/1753",2,0.00336941814391686,0.469719413325625,"FASTK;TBRG4"
"loss_down","GO_BP","GO:0071466","cellular response to xenobiotic stimulus","2/16","14/1753",2,0.00666993279931467,0.469719413325625,"EPHX1;TP53"
"loss_down","GO_BP","GO:0061564","axon development","3/16","47/1753",3,0.00792009989618426,0.469719413325625,"KREMEN1;LIMK1;AP5Z1"
"loss_down","GO_BP","GO:0002252","immune effector process","3/16","50/1753",3,0.00941390951140467,0.469719413325625,"C5;LIMK1;TP53"
"loss_down","GO_BP","GO:0002685","regulation of leukocyte migration","2/16","21/1753",2,0.0148290679461738,0.469719413325625,"C5;TNFRSF18"
"loss_down","GO_BP","GO:0033209","tumor necrosis factor-mediated signaling pathway","2/16","22/1753",2,0.0162254533117997,0.469719413325625,"TNFRSF18;TP53"
"loss_down","GO_BP","GO:0022008","neurogenesis","5/16","183/1753",5,0.0196661658623316,0.469719413325625,"KREMEN1;LIMK1;AP5Z1;FGF3;TP53"
"loss_down","GO_BP","GO:0048736","appendage development","2/16","25/1753",2,0.0207386685653215,0.469719413325625,"KREMEN1;FBXW4"
"loss_down","GO_BP","GO:0060173","limb development","2/16","25/1753",2,0.0207386685653215,0.469719413325625,"KREMEN1;FBXW4"
"loss_down","GO_BP","GO:0009056","catabolic process","7/16","347/1753",7,0.0247000091801905,0.469719413325625,"EPHX1;AP5Z1;FBXW4;FASTK;TBRG4;TP53;TSPAN5"
"loss_down","GO_BP","GO:0071356","cellular response to tumor necrosis factor","2/16","32/1753",2,0.0330373678532038,0.469719413325625,"TNFRSF18;TP53"
"loss_down","GO_BP","GO:0034612","response to tumor necrosis factor","2/16","34/1753",2,0.0369728096122654,0.469719413325625,"TNFRSF18;TP53"
"loss_down","GO_BP","GO:0140053","mitochondrial gene expression","2/16","34/1753",2,0.0369728096122654,0.469719413325625,"FASTK;TBRG4"
"loss_down","GO_BP","GO:0048699","generation of neurons","4/16","148/1753",4,0.0398082642803675,0.469719413325625,"KREMEN1;LIMK1;AP5Z1;TP53"
"loss_down","GO_BP","GO:0006468","protein phosphorylation","3/16","86/1753",3,0.0401712841581845,0.469719413325625,"LIMK1;TNFRSF18;FASTK"
"loss_down","GO_BP","GO:0050900","leukocyte migration","2/16","36/1753",2,0.0410826768890381,0.469719413325625,"C5;TNFRSF18"
"loss_down","GO_BP","GO:0009057","macromolecule catabolic process","5/16","222/1753",5,0.041946158868984,0.469719413325625,"AP5Z1;FBXW4;FASTK;TBRG4;TSPAN5"
"loss_down","GO_BP","GO:0043488","regulation of mRNA stability","2/16","38/1753",2,0.0453601930786488,0.469719413325625,"FASTK;TBRG4"
"loss_down","GO_BP","GO:0031175","neuron projection development","3/16","91/1753",3,0.0463679016574893,0.469719413325625,"KREMEN1;LIMK1;AP5Z1"
"loss_down","GO_BP","GO:0016310","phosphorylation","3/16","95/1753",3,0.0516580233119493,0.469719413325625,"LIMK1;TNFRSF18;FASTK"
"loss_down","GO_BP","GO:0010975","regulation of neuron projection development","2/16","41/1753",2,0.0520763828203581,0.469719413325625,"KREMEN1;LIMK1"
"loss_down","GO_BP","GO:0043487","regulation of RNA stability","2/16","41/1753",2,0.0520763828203581,0.469719413325625,"FASTK;TBRG4"
"loss_down","GO_BP","GO:0032102","negative regulation of response to external stimulus","2/16","42/1753",2,0.0543918719933187,0.469719413325625,"KREMEN1;C5"
"loss_down","GO_BP","GO:0030334","regulation of cell migration","3/16","97/1753",3,0.0544126676901459,0.469719413325625,"C5;TNFRSF18;FGF3"
"loss_down","GO_BP","GO:0061013","regulation of mRNA catabolic process","2/16","43/1753",2,0.0567444282692606,0.469719413325625,"FASTK;TBRG4"
"loss_down","GO_BP","GO:2000145","regulation of cell motility","3/16","99/1753",3,0.0572396078563959,0.469719413325625,"C5;TNFRSF18;FGF3"
"loss_down","GO_BP","GO:0009410","response to xenobiotic stimulus","2/16","44/1753",2,0.0591332785072429,0.469719413325625,"EPHX1;TP53"
"loss_down","GO_BP","GO:0006082","organic acid metabolic process","3/16","101/1753",3,0.0601382194934024,0.469719413325625,"EPHX1;HPDL;TP53"
"loss_down","GO_BP","GO:0019752","carboxylic acid metabolic process","3/16","101/1753",3,0.0601382194934024,0.469719413325625,"EPHX1;HPDL;TP53"
"loss_down","GO_BP","GO:0043436","oxoacid metabolic process","3/16","101/1753",3,0.0601382194934024,0.469719413325625,"EPHX1;HPDL;TP53"
"loss_down","GO_BP","GO:0009894","regulation of catabolic process","4/16","172/1753",4,0.0637239629383435,0.469719413325625,"FASTK;TBRG4;TP53;TSPAN5"
"loss_down","GO_BP","GO:0050767","regulation of neurogenesis","2/16","46/1753",2,0.0640168154829473,0.469719413325625,"LIMK1;TP53"
"loss_down","GO_BP","GO:0040012","regulation of locomotion","3/16","105/1753",3,0.0661477562957932,0.469719413325625,"C5;TNFRSF18;FGF3"
"loss_down","GO_BP","GO:0051241","negative regulation of multicellular organismal process","3/16","105/1753",3,0.0661477562957932,0.469719413325625,"KREMEN1;FGF3;TP53"
"loss_down","GO_BP","GO:0034976","response to endoplasmic reticulum stress","2/16","47/1753",2,0.066510002842359,0.469719413325625,"PDIA4;TP53"
"loss_down","GO_BP","GO:0048666","neuron development","3/16","107/1753",3,0.0692572349663445,0.469719413325625,"KREMEN1;LIMK1;AP5Z1"
"loss_down","GO_BP","GO:0051093","negative regulation of developmental process","3/16","108/1753",3,0.0708378175462808,0.469719413325625,"KREMEN1;FGF3;TP53"
"loss_down","GO_BP","GO:0051960","regulation of nervous system development","2/16","50/1753",2,0.0741864369529706,0.469719413325625,"LIMK1;TP53"
"loss_down","GO_BP","GO:0007399","nervous system development","5/16","261/1753",5,0.0760865239502548,0.469719413325625,"KREMEN1;LIMK1;AP5Z1;FGF3;TP53"
"loss_down","GO_BP","GO:0016236","macroautophagy","2/16","51/1753",2,0.0768084796590908,0.469719413325625,"AP5Z1;TP53"
"loss_down","GO_BP","GO:0001558","regulation of cell growth","2/16","54/1753",2,0.0848545007387009,0.469719413325625,"LIMK1;TP53"
"loss_down","GO_BP","GO:0010608","post-transcriptional regulation of gene expression","3/16","118/1753",3,0.0875663742068011,0.469719413325625,"FASTK;TBRG4;TP53"
"loss_down","GO_BP","GO:0006402","mRNA catabolic process","2/16","55/1753",2,0.087594196559039,0.469719413325625,"FASTK;TBRG4"
"loss_down","GO_BP","GO:0009299","mRNA transcription","1/16","10/1753",1,0.0878296369452797,0.469719413325625,"TP53"
"loss_down","GO_BP","GO:0009303","rRNA transcription","1/16","10/1753",1,0.0878296369452797,0.469719413325625,"TP53"
"loss_down","GO_BP","GO:0010332","response to gamma radiation","1/16","10/1753",1,0.0878296369452797,0.469719413325625,"TP53"
"loss_down","GO_BP","GO:0010657","muscle cell apoptotic process","1/16","10/1753",1,0.0878296369452797,0.469719413325625,"TP53"
"loss_down","GO_BP","GO:0030278","regulation of ossification","1/16","10/1753",1,0.0878296369452797,0.469719413325625,"KREMEN1"
"loss_down","GO_BP","GO:0042147","retrograde transport, endosome to Golgi","1/16","10/1753",1,0.0878296369452797,0.469719413325625,"AP5Z1"
"loss_down","GO_BP","GO:0043470","regulation of carbohydrate catabolic process","1/16","10/1753",1,0.0878296369452797,0.469719413325625,"TP53"
"loss_down","GO_BP","GO:0043525","positive regulation of neuron apoptotic process","1/16","10/1753",1,0.0878296369452797,0.469719413325625,"TP53"
"loss_down","GO_BP","GO:0048678","response to axon injury","1/16","10/1753",1,0.0878296369452797,0.469719413325625,"KREMEN1"
"loss_down","GO_BP","GO:0050772","positive regulation of axonogenesis","1/16","10/1753",1,0.0878296369452797,0.469719413325625,"LIMK1"
"loss_down","GO_BP","GO:0051492","regulation of stress fiber assembly","1/16","10/1753",1,0.0878296369452797,0.469719413325625,"LIMK1"
"loss_down","GO_BP","GO:0060964","regulation of miRNA-mediated gene silencing","1/16","10/1753",1,0.0878296369452797,0.469719413325625,"TP53"
"loss_down","GO_BP","GO:0090199","regulation of release of cytochrome c from mitochondria","1/16","10/1753",1,0.0878296369452797,0.469719413325625,"TP53"
"loss_down","GO_BP","GO:0120254","olefinic compound metabolic process","1/16","10/1753",1,0.0878296369452797,0.469719413325625,"EPHX1"
"loss_down","GO_BP","GO:2000142","regulation of DNA-templated transcription initiation","1/16","10/1753",1,0.0878296369452797,0.469719413325625,"TP53"
"loss_down","GO_BP","GO:2000628","regulation of miRNA metabolic process","1/16","10/1753",1,0.0878296369452797,0.469719413325625,"TP53"
"loss_down","GO_BP","GO:0040011","locomotion","3/16","119/1753",3,0.0893290645633059,0.469719413325625,"C5;TNFRSF18;FGF3"
"loss_down","GO_BP","GO:0016055","Wnt signaling pathway","2/16","56/1753",2,0.0903616204005925,0.469719413325625,"KREMEN1;FBXW4"
"loss_down","GO_BP","GO:0002684","positive regulation of immune system process","3/16","120/1753",3,0.0911076228026398,0.469719413325625,"C5;LIMK1;TNFRSF18"
"loss_down","GO_BP","GO:0048584","positive regulation of response to stimulus","5/16","275/1753",5,0.0914128817212178,0.469719413325625,"C5;LIMK1;FGF3;TP53;TSPAN5"
"loss_down","GO_BP","GO:0007264","small GTPase-mediated signal transduction","2/16","57/1753",2,0.0931561150941022,0.469719413325625,"LIMK1;TP53"
"loss_down","GO_BP","GO:0002286","T cell activation involved in immune response","1/16","11/1753",1,0.0962029736113011,0.469719413325625,"TP53"
"loss_down","GO_BP","GO:0006509","membrane protein ectodomain proteolysis","1/16","11/1753",1,0.0962029736113011,0.469719413325625,"TSPAN5"
"loss_down","GO_BP","GO:0006690","icosanoid metabolic process","1/16","11/1753",1,0.0962029736113011,0.469719413325625,"EPHX1"
"loss_down","GO_BP","GO:0006984","ER-nucleus signaling pathway","1/16","11/1753",1,0.0962029736113011,0.469719413325625,"TP53"
"loss_down","GO_BP","GO:0010977","negative regulation of neuron projection development","1/16","11/1753",1,0.0962029736113011,0.469719413325625,"KREMEN1"
"loss_down","GO_BP","GO:0016242","negative regulation of macroautophagy","1/16","11/1753",1,0.0962029736113011,0.469719413325625,"TP53"
"loss_down","GO_BP","GO:0030516","regulation of axon extension","1/16","11/1753",1,0.0962029736113011,0.469719413325625,"LIMK1"
"loss_down","GO_BP","GO:0031146","SCF-dependent proteasomal ubiquitin-dependent protein catabolic process","1/16","11/1753",1,0.0962029736113011,0.469719413325625,"FBXW4"
"loss_down","GO_BP","GO:0032231","regulation of actin filament bundle assembly","1/16","11/1753",1,0.0962029736113011,0.469719413325625,"LIMK1"
"loss_down","GO_BP","GO:0033619","membrane protein proteolysis","1/16","11/1753",1,0.0962029736113011,0.469719413325625,"TSPAN5"
"loss_down","GO_BP","GO:0044773","mitotic DNA damage checkpoint signaling","1/16","11/1753",1,0.0962029736113011,0.469719413325625,"TP53"
"loss_down","GO_BP","GO:0060147","regulation of post-transcriptional gene silencing","1/16","11/1753",1,0.0962029736113011,0.469719413325625,"TP53"
"loss_down","GO_BP","GO:0061053","somite development","1/16","11/1753",1,0.0962029736113011,0.469719413325625,"TP53"
"loss_down","GO_BP","GO:0070059","intrinsic apoptotic signaling pathway in response to endoplasmic reticulum stress","1/16","11/1753",1,0.0962029736113011,0.469719413325625,"TP53"
"loss_down","GO_BP","GO:0071346","cellular response to type II interferon","1/16","11/1753",1,0.0962029736113011,0.469719413325625,"TP53"
"loss_down","GO_BP","GO:0089718","amino acid import across plasma membrane","1/16","11/1753",1,0.0962029736113011,0.469719413325625,"SLC43A1"
"loss_down","GO_BP","GO:1900368","regulation of post-transcriptional gene silencing by regulatory ncRNA","1/16","11/1753",1,0.0962029736113011,0.469719413325625,"TP53"
"loss_down","GO_BP","GO:0001676","long-chain fatty acid metabolic process","1/16","12/1753",1,0.104504209215331,0.469719413325625,"EPHX1"
"loss_down","GO_BP","GO:0003279","cardiac septum development","1/16","12/1753",1,0.104504209215331,0.469719413325625,"TP53"
"loss_down","GO_BP","GO:0010906","regulation of glucose metabolic process","1/16","12/1753",1,0.104504209215331,0.469719413325625,"TP53"
"loss_down","GO_BP","GO:0015804","neutral amino acid transport","1/16","12/1753",1,0.104504209215331,0.469719413325625,"SLC43A1"
"loss_down","GO_BP","GO:0016064","immunoglobulin mediated immune response","1/16","12/1753",1,0.104504209215331,0.469719413325625,"C5"
"loss_down","GO_BP","GO:0016482","cytosolic transport","1/16","12/1753",1,0.104504209215331,0.469719413325625,"AP5Z1"
"loss_down","GO_BP","GO:0018108","peptidyl-tyrosine phosphorylation","1/16","12/1753",1,0.104504209215331,0.469719413325625,"TNFRSF18"
"loss_down","GO_BP","GO:0018212","peptidyl-tyrosine modification","1/16","12/1753",1,0.104504209215331,0.469719413325625,"TNFRSF18"
"loss_down","GO_BP","GO:0019320","hexose catabolic process","1/16","12/1753",1,0.104504209215331,0.469719413325625,"TP53"
"loss_down","GO_BP","GO:0030330","DNA damage response, signal transduction by p53 class mediator","1/16","12/1753",1,0.104504209215331,0.469719413325625,"TP53"
"loss_down","GO_BP","GO:0032210","regulation of telomere maintenance via telomerase","1/16","12/1753",1,0.104504209215331,0.469719413325625,"TP53"
"loss_down","GO_BP","GO:0033559","unsaturated fatty acid metabolic process","1/16","12/1753",1,0.104504209215331,0.469719413325625,"EPHX1"
"loss_down","GO_BP","GO:0035282","segmentation","1/16","12/1753",1,0.104504209215331,0.469719413325625,"TP53"
"loss_down","GO_BP","GO:0044774","mitotic DNA integrity checkpoint signaling","1/16","12/1753",1,0.104504209215331,0.469719413325625,"TP53"
"loss_down","GO_BP","GO:0045815","transcription initiation-coupled chromatin remodeling","1/16","12/1753",1,0.104504209215331,0.469719413325625,"TP53"
"loss_down","GO_BP","GO:0046365","monosaccharide catabolic process","1/16","12/1753",1,0.104504209215331,0.469719413325625,"TP53"
"loss_down","GO_BP","GO:0048534","hematopoietic or lymphoid organ development","1/16","12/1753",1,0.104504209215331,0.469719413325625,"TP53"
"loss_down","GO_BP","GO:0060966","regulation of gene silencing by regulatory ncRNA","1/16","12/1753",1,0.104504209215331,0.469719413325625,"TP53"
"loss_down","GO_BP","GO:0071675","regulation of mononuclear cell migration","1/16","12/1753",1,0.104504209215331,0.469719413325625,"C5"
"loss_down","GO_BP","GO:0110020","regulation of actomyosin structure organization","1/16","12/1753",1,0.104504209215331,0.469719413325625,"LIMK1"
"loss_down","GO_BP","GO:1902475","L-alpha-amino acid transmembrane transport","1/16","12/1753",1,0.104504209215331,0.469719413325625,"SLC43A1"
"loss_down","GO_BP","GO:2000106","regulation of leukocyte apoptotic process","1/16","12/1753",1,0.104504209215331,0.469719413325625,"TP53"
"loss_down","GO_BP","GO:0030162","regulation of proteolysis","2/16","61/1753",2,0.10459194852125,0.469719413325625,"TP53;TSPAN5"
"loss_down","GO_BP","GO:0016049","cell growth","2/16","63/1753",2,0.110455807834421,0.469719413325625,"LIMK1;TP53"
"loss_down","GO_BP","GO:0000077","DNA damage checkpoint signaling","1/16","13/1753",1,0.112733923547642,0.469719413325625,"TP53"
"loss_down","GO_BP","GO:0001906","cell killing","1/16","13/1753",1,0.112733923547642,0.469719413325625,"C5"
"loss_down","GO_BP","GO:0002687","positive regulation of leukocyte migration","1/16","13/1753",1,0.112733923547642,0.469719413325625,"TNFRSF18"
"loss_down","GO_BP","GO:0003206","cardiac chamber morphogenesis","1/16","13/1753",1,0.112733923547642,0.469719413325625,"TP53"
"loss_down","GO_BP","GO:0006839","mitochondrial transport","1/16","13/1753",1,0.112733923547642,0.469719413325625,"TP53"
"loss_down","GO_BP","GO:0007040","lysosome organization","1/16","13/1753",1,0.112733923547642,0.469719413325625,"AP5Z1"
"loss_down","GO_BP","GO:0015807","L-amino acid transport","1/16","13/1753",1,0.112733923547642,0.469719413325625,"SLC43A1"
"loss_down","GO_BP","GO:0019724","B cell mediated immunity","1/16","13/1753",1,0.112733923547642,0.469719413325625,"C5"
"loss_down","GO_BP","GO:0030038","contractile actin filament bundle assembly","1/16","13/1753",1,0.112733923547642,0.469719413325625,"LIMK1"
"loss_down","GO_BP","GO:0033077","T cell differentiation in thymus","1/16","13/1753",1,0.112733923547642,0.469719413325625,"TP53"
"loss_down","GO_BP","GO:0035196","miRNA processing","1/16","13/1753",1,0.112733923547642,0.469719413325625,"TP53"
"loss_down","GO_BP","GO:0043149","stress fiber assembly","1/16","13/1753",1,0.112733923547642,0.469719413325625,"LIMK1"
"loss_down","GO_BP","GO:0070227","lymphocyte apoptotic process","1/16","13/1753",1,0.112733923547642,0.469719413325625,"TP53"
"loss_down","GO_BP","GO:0072091","regulation of stem cell proliferation","1/16","13/1753",1,0.112733923547642,0.469719413325625,"TP53"
"loss_down","GO_BP","GO:0080171","lytic vacuole organization","1/16","13/1753",1,0.112733923547642,0.469719413325625,"AP5Z1"
"loss_down","GO_BP","GO:0141137","positive regulation of gene expression, epigenetic","1/16","13/1753",1,0.112733923547642,0.469719413325625,"TP53"
"loss_down","GO_BP","GO:1904356","regulation of telomere maintenance via telomere lengthening","1/16","13/1753",1,0.112733923547642,0.469719413325625,"TP53"
"loss_down","GO_BP","GO:0044089","positive regulation of cellular component biogenesis","2/16","64/1753",2,0.113422086460427,0.469719413325625,"LIMK1;TP53"
"loss_down","GO_BP","GO:0120035","regulation of plasma membrane bounded cell projection organization","2/16","64/1753",2,0.113422086460427,0.469719413325625,"KREMEN1;LIMK1"
"loss_down","GO_BP","GO:0002253","activation of immune response","2/16","65/1753",2,0.116410471328979,0.469719413325625,"C5;LIMK1"
"loss_down","GO_BP","GO:0019221","cytokine-mediated signaling pathway","2/16","65/1753",2,0.116410471328979,0.469719413325625,"TNFRSF18;TP53"
"loss_down","GO_BP","GO:0031344","regulation of cell projection organization","2/16","66/1753",2,0.119420377260064,0.469719413325625,"KREMEN1;LIMK1"
"loss_down","GO_BP","GO:0001836","release of cytochrome c from mitochondria","1/16","14/1753",1,0.120892692066745,0.469719413325625,"TP53"
"loss_down","GO_BP","GO:0006140","regulation of nucleotide metabolic process","1/16","14/1753",1,0.120892692066745,0.469719413325625,"TP53"
"loss_down","GO_BP","GO:0014013","regulation of gliogenesis","1/16","14/1753",1,0.120892692066745,0.469719413325625,"TP53"
"loss_down","GO_BP","GO:0034248","regulation of amide metabolic process","1/16","14/1753",1,0.120892692066745,0.469719413325625,"TP53"
"loss_down","GO_BP","GO:0034341","response to type II interferon","1/16","14/1753",1,0.120892692066745,0.469719413325625,"TP53"
"loss_down","GO_BP","GO:0050768","negative regulation of neurogenesis","1/16","14/1753",1,0.120892692066745,0.469719413325625,"TP53"
"loss_down","GO_BP","GO:0050770","regulation of axonogenesis","1/16","14/1753",1,0.120892692066745,0.469719413325625,"LIMK1"
"loss_down","GO_BP","GO:0051262","protein tetramerization","1/16","14/1753",1,0.120892692066745,0.469719413325625,"TP53"
"loss_down","GO_BP","GO:0051961","negative regulation of nervous system development","1/16","14/1753",1,0.120892692066745,0.469719413325625,"TP53"
"loss_down","GO_BP","GO:0061387","regulation of extent of cell growth","1/16","14/1753",1,0.120892692066745,0.469719413325625,"LIMK1"
"loss_down","GO_BP","GO:0070918","regulatory ncRNA processing","1/16","14/1753",1,0.120892692066745,0.469719413325625,"TP53"
"loss_down","GO_BP","GO:1900542","regulation of purine nucleotide metabolic process","1/16","14/1753",1,0.120892692066745,0.469719413325625,"TP53"
"loss_down","GO_BP","GO:1903034","regulation of response to wounding","1/16","14/1753",1,0.120892692066745,0.469719413325625,"KREMEN1"
"loss_down","GO_BP","GO:0120036","plasma membrane bounded cell projection organization","3/16","136/1753",3,0.121619324755618,0.469719413325625,"KREMEN1;LIMK1;AP5Z1"
"loss_down","GO_BP","GO:0006302","double-strand break repair","2/16","67/1753",2,0.122451226679595,0.469719413325625,"AP5Z1;TP53"
"loss_down","GO_BP","GO:0048598","embryonic morphogenesis","2/16","68/1753",2,0.125502449543227,0.469719413325625,"FBXW4;TP53"
"loss_down","GO_BP","GO:0030182","neuron differentiation","3/16","139/1753",3,0.127745647729601,0.469719413325625,"KREMEN1;LIMK1;AP5Z1"
"loss_down","GO_BP","GO:0006401","RNA catabolic process","2/16","69/1753",2,0.128573483260829,0.469719413325625,"FASTK;TBRG4"
"loss_down","GO_BP","GO:0007507","heart development","2/16","69/1753",2,0.128573483260829,0.469719413325625,"FGF3;TP53"
"loss_down","GO_BP","GO:0006289","nucleotide-excision repair","1/16","15/1753",1,0.12898108592927,0.469719413325625,"TP53"
"loss_down","GO_BP","GO:0006970","response to osmotic stress","1/16","15/1753",1,0.12898108592927,0.469719413325625,"TP53"
"loss_down","GO_BP","GO:0007006","mitochondrial membrane organization","1/16","15/1753",1,0.12898108592927,0.469719413325625,"TP53"
"loss_down","GO_BP","GO:0007219","Notch signaling pathway","1/16","15/1753",1,0.12898108592927,0.469719413325625,"TSPAN5"
"loss_down","GO_BP","GO:0031570","DNA integrity checkpoint signaling","1/16","15/1753",1,0.12898108592927,0.469719413325625,"TP53"
"loss_down","GO_BP","GO:0048675","axon extension","1/16","15/1753",1,0.12898108592927,0.469719413325625,"LIMK1"
"loss_down","GO_BP","GO:0061351","neural precursor cell proliferation","1/16","15/1753",1,0.12898108592927,0.469719413325625,"TP53"
"loss_down","GO_BP","GO:0062014","negative regulation of small molecule metabolic process","1/16","15/1753",1,0.12898108592927,0.469719413325625,"TP53"
"loss_down","GO_BP","GO:2001244","positive regulation of intrinsic apoptotic signaling pathway","1/16","15/1753",1,0.12898108592927,0.469719413325625,"TP53"
"loss_down","GO_BP","GO:0030030","cell projection organization","3/16","141/1753",3,0.131896146359495,0.469719413325625,"KREMEN1;LIMK1;AP5Z1"
"loss_down","GO_BP","GO:0071705","nitrogen compound transport","4/16","221/1753",4,0.132316668873435,0.469719413325625,"SLC43A1;PDIA4;AP5Z1;TP53"
"loss_down","GO_BP","GO:0051239","regulation of multicellular organismal process","5/16","307/1753",5,0.132475023920359,0.469719413325625,"KREMEN1;C5;LIMK1;FGF3;TP53"
"loss_down","GO_BP","GO:0141188","nucleic acid catabolic process","2/16","71/1753",2,0.134772769719746,0.469719413325625,"FASTK;TBRG4"
"loss_down","GO_BP","GO:1903311","regulation of mRNA metabolic process","2/16","71/1753",2,0.134772769719746,0.469719413325625,"FASTK;TBRG4"
"loss_down","GO_BP","GO:0003333","amino acid transmembrane transport","1/16","16/1753",1,0.13699967201968,0.469719413325625,"SLC43A1"
"loss_down","GO_BP","GO:0006278","RNA-templated DNA biosynthetic process","1/16","16/1753",1,0.13699967201968,0.469719413325625,"TP53"
"loss_down","GO_BP","GO:0007004","telomere maintenance via telomerase","1/16","16/1753",1,0.13699967201968,0.469719413325625,"TP53"
"loss_down","GO_BP","GO:0010586","miRNA metabolic process","1/16","16/1753",1,0.13699967201968,0.469719413325625,"TP53"
"loss_down","GO_BP","GO:0034644","cellular response to UV","1/16","16/1753",1,0.13699967201968,0.469719413325625,"TP53"
"loss_down","GO_BP","GO:0071479","cellular response to ionizing radiation","1/16","16/1753",1,0.13699967201968,0.469719413325625,"TP53"
"loss_down","GO_BP","GO:0090090","negative regulation of canonical Wnt signaling pathway","1/16","16/1753",1,0.13699967201968,0.469719413325625,"KREMEN1"
"loss_down","GO_BP","GO:0090101","negative regulation of transmembrane receptor protein serine/threonine kinase signaling pathway","1/16","16/1753",1,0.13699967201968,0.469719413325625,"TP53"
"loss_down","GO_BP","GO:0006793","phosphorus metabolic process","4/16","224/1753",4,0.137319755212289,0.469719413325625,"LIMK1;TNFRSF18;FASTK;TP53"
"loss_down","GO_BP","GO:0006796","phosphate-containing compound metabolic process","4/16","224/1753",4,0.137319755212289,0.469719413325625,"LIMK1;TNFRSF18;FASTK;TP53"
"loss_down","GO_BP","GO:0016071","mRNA metabolic process","3/16","144/1753",3,0.138218459707805,0.469719413325625,"FASTK;TBRG4;TP53"
"loss_down","GO_BP","GO:0040008","regulation of growth","2/16","73/1753",2,0.141044731589263,0.469719413325625,"LIMK1;TP53"
"loss_down","GO_BP","GO:0010638","positive regulation of organelle organization","2/16","74/1753",2,0.144206636414738,0.469719413325625,"LIMK1;TP53"
"loss_down","GO_BP","GO:0051604","protein maturation","2/16","74/1753",2,0.144206636414738,0.469719413325625,"PDIA4;TSPAN5"
"loss_down","GO_BP","GO:0002244","hematopoietic progenitor cell differentiation","1/16","17/1753",1,0.144949012979775,0.469719413325625,"TP53"
"loss_down","GO_BP","GO:0007030","Golgi organization","1/16","17/1753",1,0.144949012979775,0.469719413325625,"AP5Z1"
"loss_down","GO_BP","GO:0007259","cell surface receptor signaling pathway via JAK-STAT","1/16","17/1753",1,0.144949012979775,0.469719413325625,"TNFRSF18"
"loss_down","GO_BP","GO:0010833","telomere maintenance via telomere lengthening","1/16","17/1753",1,0.144949012979775,0.469719413325625,"TP53"
"loss_down","GO_BP","GO:0017015","regulation of transforming growth factor beta receptor signaling pathway","1/16","17/1753",1,0.144949012979775,0.469719413325625,"TP53"
"loss_down","GO_BP","GO:0042752","regulation of circadian rhythm","1/16","17/1753",1,0.144949012979775,0.469719413325625,"TP53"
"loss_down","GO_BP","GO:0048145","regulation of fibroblast proliferation","1/16","17/1753",1,0.144949012979775,0.469719413325625,"TP53"
"loss_down","GO_BP","GO:0048639","positive regulation of developmental growth","1/16","17/1753",1,0.144949012979775,0.469719413325625,"LIMK1"
"loss_down","GO_BP","GO:0072332","intrinsic apoptotic signaling pathway by p53 class mediator","1/16","17/1753",1,0.144949012979775,0.469719413325625,"TP53"
"loss_down","GO_BP","GO:0097194","execution phase of apoptosis","1/16","17/1753",1,0.144949012979775,0.469719413325625,"TP53"
"loss_down","GO_BP","GO:0140888","interferon-mediated signaling pathway","1/16","17/1753",1,0.144949012979775,0.469719413325625,"TP53"
"loss_down","GO_BP","GO:1903844","regulation of cellular response to transforming growth factor beta stimulus","1/16","17/1753",1,0.144949012979775,0.469719413325625,"TP53"
"loss_down","GO_BP","GO:2000377","regulation of reactive oxygen species metabolic process","1/16","17/1753",1,0.144949012979775,0.469719413325625,"TP53"
"loss_down","GO_BP","GO:0048589","developmental growth","2/16","75/1753",2,0.147385128941655,0.469719413325625,"LIMK1;TP53"
"loss_down","GO_BP","GO:0030163","protein catabolic process","3/16","149/1753",3,0.149003494457328,0.469719413325625,"AP5Z1;FBXW4;TSPAN5"
"loss_down","GO_BP","GO:0006914","autophagy","2/16","76/1753",2,0.150579696697343,0.469719413325625,"AP5Z1;TP53"
"loss_down","GO_BP","GO:0019220","regulation of phosphate metabolic process","2/16","76/1753",2,0.150579696697343,0.469719413325625,"TNFRSF18;TP53"
"loss_down","GO_BP","GO:0051174","regulation of phosphorus metabolic process","2/16","76/1753",2,0.150579696697343,0.469719413325625,"TNFRSF18;TP53"
"loss_down","GO_BP","GO:0061919","process utilizing autophagic mechanism","2/16","76/1753",2,0.150579696697343,0.469719413325625,"AP5Z1;TP53"
"loss_down","GO_BP","GO:0000045","autophagosome assembly","1/16","18/1753",1,0.152829667238026,0.469719413325625,"AP5Z1"
"loss_down","GO_BP","GO:0003205","cardiac chamber development","1/16","18/1753",1,0.152829667238026,0.469719413325625,"TP53"
"loss_down","GO_BP","GO:0015695","organic cation transport","1/16","18/1753",1,0.152829667238026,0.469719413325625,"SLC43A1"
"loss_down","GO_BP","GO:0030326","embryonic limb morphogenesis","1/16","18/1753",1,0.152829667238026,0.469719413325625,"FBXW4"
"loss_down","GO_BP","GO:0031345","negative regulation of cell projection organization","1/16","18/1753",1,0.152829667238026,0.469719413325625,"KREMEN1"
"loss_down","GO_BP","GO:0035113","embryonic appendage morphogenesis","1/16","18/1753",1,0.152829667238026,0.469719413325625,"FBXW4"
"loss_down","GO_BP","GO:0035195","miRNA-mediated post-transcriptional gene silencing","1/16","18/1753",1,0.152829667238026,0.469719413325625,"TP53"
"loss_down","GO_BP","GO:0050920","regulation of chemotaxis","1/16","18/1753",1,0.152829667238026,0.469719413325625,"C5"
"loss_down","GO_BP","GO:0051017","actin filament bundle assembly","1/16","18/1753",1,0.152829667238026,0.469719413325625,"LIMK1"
"loss_down","GO_BP","GO:0061572","actin filament bundle organization","1/16","18/1753",1,0.152829667238026,0.469719413325625,"LIMK1"
"loss_down","GO_BP","GO:0071456","cellular response to hypoxia","1/16","18/1753",1,0.152829667238026,0.469719413325625,"TP53"
"loss_down","GO_BP","GO:0071887","leukocyte apoptotic process","1/16","18/1753",1,0.152829667238026,0.469719413325625,"TP53"
"loss_down","GO_BP","GO:0097529","myeloid leukocyte migration","1/16","18/1753",1,0.152829667238026,0.469719413325625,"C5"
"loss_down","GO_BP","GO:0097696","cell surface receptor signaling pathway via STAT","1/16","18/1753",1,0.152829667238026,0.469719413325625,"TNFRSF18"
"loss_down","GO_BP","GO:0016477","cell migration","3/16","152/1753",3,0.155616774782706,0.469719413325625,"C5;TNFRSF18;FGF3"
"loss_down","GO_BP","GO:0032787","monocarboxylic acid metabolic process","2/16","78/1753",2,0.157015042296766,0.469719413325625,"EPHX1;TP53"
"loss_down","GO_BP","GO:0036294","cellular response to decreased oxygen levels","1/16","19/1753",1,0.160642189038712,0.469719413325625,"TP53"
"loss_down","GO_BP","GO:0048771","tissue remodeling","1/16","19/1753",1,0.160642189038712,0.469719413325625,"TP53"
"loss_down","GO_BP","GO:0051781","positive regulation of cell division","1/16","19/1753",1,0.160642189038712,0.469719413325625,"FGF3"
"loss_down","GO_BP","GO:0071482","cellular response to light stimulus","1/16","19/1753",1,0.160642189038712,0.469719413325625,"TP53"
"loss_down","GO_BP","GO:0071674","mononuclear cell migration","1/16","19/1753",1,0.160642189038712,0.469719413325625,"C5"
"loss_down","GO_BP","GO:1905037","autophagosome organization","1/16","19/1753",1,0.160642189038712,0.469719413325625,"AP5Z1"
"loss_down","GO_BP","GO:1990138","neuron projection extension","1/16","19/1753",1,0.160642189038712,0.469719413325625,"LIMK1"
"loss_down","GO_BP","GO:0006909","phagocytosis","1/16","20/1753",1,0.168387128470881,0.469719413325625,"LIMK1"
"loss_down","GO_BP","GO:0016441","post-transcriptional gene silencing","1/16","20/1753",1,0.168387128470881,0.469719413325625,"TP53"
"loss_down","GO_BP","GO:0021549","cerebellum development","1/16","20/1753",1,0.168387128470881,0.469719413325625,"TP53"
"loss_down","GO_BP","GO:0030308","negative regulation of cell growth","1/16","20/1753",1,0.168387128470881,0.469719413325625,"TP53"
"loss_down","GO_BP","GO:0030595","leukocyte chemotaxis","1/16","20/1753",1,0.168387128470881,0.469719413325625,"C5"
"loss_down","GO_BP","GO:0035107","appendage morphogenesis","1/16","20/1753",1,0.168387128470881,0.469719413325625,"FBXW4"
"loss_down","GO_BP","GO:0035108","limb morphogenesis","1/16","20/1753",1,0.168387128470881,0.469719413325625,"FBXW4"
"loss_down","GO_BP","GO:0035194","regulatory ncRNA-mediated post-transcriptional gene silencing","1/16","20/1753",1,0.168387128470881,0.469719413325625,"TP53"
"loss_down","GO_BP","GO:0042098","T cell proliferation","1/16","20/1753",1,0.168387128470881,0.469719413325625,"TP53"
"loss_down","GO_BP","GO:0051495","positive regulation of cytoskeleton organization","1/16","20/1753",1,0.168387128470881,0.469719413325625,"LIMK1"
"loss_down","GO_BP","GO:0072089","stem cell proliferation","1/16","20/1753",1,0.168387128470881,0.469719413325625,"TP53"
"loss_down","GO_BP","GO:0090398","cellular senescence","1/16","20/1753",1,0.168387128470881,0.469719413325625,"TP53"
"loss_down","GO_BP","GO:1902905","positive regulation of supramolecular fiber organization","1/16","20/1753",1,0.168387128470881,0.469719413325625,"LIMK1"
"loss_down","GO_BP","GO:0050778","positive regulation of immune response","2/16","82/1753",2,0.170056841732134,0.469719413325625,"C5;LIMK1"
"loss_down","GO_BP","GO:0071363","cellular response to growth factor stimulus","2/16","83/1753",2,0.173350155401239,0.469719413325625,"FGF3;TP53"
"loss_down","GO_BP","GO:0002285","lymphocyte activation involved in immune response","1/16","21/1753",1,0.176065031497116,0.469719413325625,"TP53"
"loss_down","GO_BP","GO:0006865","amino acid transport","1/16","21/1753",1,0.176065031497116,0.469719413325625,"SLC43A1"
"loss_down","GO_BP","GO:0009952","anterior/posterior pattern specification","1/16","21/1753",1,0.176065031497116,0.469719413325625,"TP53"
"loss_down","GO_BP","GO:0010821","regulation of mitochondrion organization","1/16","21/1753",1,0.176065031497116,0.469719413325625,"TP53"
"loss_down","GO_BP","GO:0022037","metencephalon development","1/16","21/1753",1,0.176065031497116,0.469719413325625,"TP53"
"loss_down","GO_BP","GO:0030307","positive regulation of cell growth","1/16","21/1753",1,0.176065031497116,0.469719413325625,"LIMK1"
"loss_down","GO_BP","GO:0048144","fibroblast proliferation","1/16","21/1753",1,0.176065031497116,0.469719413325625,"TP53"
"loss_down","GO_BP","GO:0048738","cardiac muscle tissue development","1/16","21/1753",1,0.176065031497116,0.469719413325625,"FGF3"
"loss_down","GO_BP","GO:1902749","regulation of cell cycle G2/M phase transition","1/16","21/1753",1,0.176065031497116,0.469719413325625,"TP53"
"loss_down","GO_BP","GO:1905039","carboxylic acid transmembrane transport","1/16","21/1753",1,0.176065031497116,0.469719413325625,"SLC43A1"
"loss_down","GO_BP","GO:2000278","regulation of DNA biosynthetic process","1/16","21/1753",1,0.176065031497116,0.469719413325625,"TP53"
"loss_down","GO_BP","GO:0006955","immune response","3/16","162/1753",3,0.178373723755637,0.469719413325625,"C5;LIMK1;TP53"
"loss_down","GO_BP","GO:0016241","regulation of macroautophagy","1/16","22/1753",1,0.183676439982132,0.469719413325625,"TP53"
"loss_down","GO_BP","GO:0035264","multicellular organism growth","1/16","22/1753",1,0.183676439982132,0.469719413325625,"TP53"
"loss_down","GO_BP","GO:0045861","negative regulation of proteolysis","1/16","22/1753",1,0.183676439982132,0.469719413325625,"TP53"
"loss_down","GO_BP","GO:0051053","negative regulation of DNA metabolic process","1/16","22/1753",1,0.183676439982132,0.469719413325625,"TP53"
"loss_down","GO_BP","GO:0071453","cellular response to oxygen levels","1/16","22/1753",1,0.183676439982132,0.469719413325625,"TP53"
"loss_down","GO_BP","GO:1903825","organic acid transmembrane transport","1/16","22/1753",1,0.183676439982132,0.469719413325625,"SLC43A1"
"loss_down","GO_BP","GO:2001251","negative regulation of chromosome organization","1/16","22/1753",1,0.183676439982132,0.469719413325625,"TP53"
"loss_down","GO_BP","GO:0006508","proteolysis","3/16","166/1753",3,0.187759758569444,0.469719413325625,"FBXW4;TP53;TSPAN5"
"loss_down","GO_BP","GO:0015031","protein transport","3/16","166/1753",3,0.187759758569444,0.469719413325625,"PDIA4;AP5Z1;TP53"
"loss_down","GO_BP","GO:0006886","intracellular protein transport","2/16","88/1753",2,0.189991011328354,0.469719413325625,"AP5Z1;TP53"
"loss_down","GO_BP","GO:0070848","response to growth factor","2/16","88/1753",2,0.189991011328354,0.469719413325625,"FGF3;TP53"
"loss_down","GO_BP","GO:0002449","lymphocyte mediated immunity","1/16","23/1753",1,0.191221891721176,0.469719413325625,"C5"
"loss_down","GO_BP","GO:0007093","mitotic cell cycle checkpoint signaling","1/16","23/1753",1,0.191221891721176,0.469719413325625,"TP53"
"loss_down","GO_BP","GO:0008630","intrinsic apoptotic signaling pathway in response to DNA damage","1/16","23/1753",1,0.191221891721176,0.469719413325625,"TP53"
"loss_down","GO_BP","GO:0008637","apoptotic mitochondrial changes","1/16","23/1753",1,0.191221891721176,0.469719413325625,"TP53"
"loss_down","GO_BP","GO:0031032","actomyosin structure organization","1/16","23/1753",1,0.191221891721176,0.469719413325625,"LIMK1"
"loss_down","GO_BP","GO:0065004","protein-DNA complex assembly","1/16","23/1753",1,0.191221891721176,0.469719413325625,"TP53"
"loss_down","GO_BP","GO:0072593","reactive oxygen species metabolic process","1/16","23/1753",1,0.191221891721176,0.469719413325625,"TP53"
"loss_down","GO_BP","GO:0051129","negative regulation of cellular component organization","2/16","89/1753",2,0.193350955282919,0.469719413325625,"KREMEN1;TP53"
"loss_down","GO_BP","GO:0048870","cell motility","3/16","169/1753",3,0.194896572676368,0.469719413325625,"C5;TNFRSF18;FGF3"
"loss_down","GO_BP","GO:0006109","regulation of carbohydrate metabolic process","1/16","24/1753",1,0.198701920468264,0.469719413325625,"TP53"
"loss_down","GO_BP","GO:0006275","regulation of DNA replication","1/16","24/1753",1,0.198701920468264,0.469719413325625,"TP53"
"loss_down","GO_BP","GO:0006520","amino acid metabolic process","1/16","24/1753",1,0.198701920468264,0.469719413325625,"HPDL"
"loss_down","GO_BP","GO:0007179","transforming growth factor beta receptor signaling pathway","1/16","24/1753",1,0.198701920468264,0.469719413325625,"TP53"
"loss_down","GO_BP","GO:0010507","negative regulation of autophagy","1/16","24/1753",1,0.198701920468264,0.469719413325625,"TP53"
"loss_down","GO_BP","GO:0030178","negative regulation of Wnt signaling pathway","1/16","24/1753",1,0.198701920468264,0.469719413325625,"KREMEN1"
"loss_down","GO_BP","GO:0030902","hindbrain development","1/16","24/1753",1,0.198701920468264,0.469719413325625,"TP53"
"loss_down","GO_BP","GO:0043086","negative regulation of catalytic activity","1/16","24/1753",1,0.198701920468264,0.469719413325625,"TP53"
"loss_down","GO_BP","GO:0043467","regulation of generation of precursor metabolites and energy","1/16","24/1753",1,0.198701920468264,0.469719413325625,"TP53"
"loss_down","GO_BP","GO:0048588","developmental cell growth","1/16","24/1753",1,0.198701920468264,0.469719413325625,"LIMK1"
"loss_down","GO_BP","GO:0060348","bone development","1/16","24/1753",1,0.198701920468264,0.469719413325625,"TP53"
"loss_down","GO_BP","GO:0098739","import across plasma membrane","1/16","24/1753",1,0.198701920468264,0.469719413325625,"SLC43A1"
"loss_down","GO_BP","GO:1901796","regulation of signal transduction by p53 class mediator","1/16","24/1753",1,0.198701920468264,0.469719413325625,"TP53"
"loss_down","GO_BP","GO:0002460","adaptive immune response based on somatic recombination of immune receptors built from immunoglobulin superfamily domains","1/16","25/1753",1,0.20611705596422,0.469719413325625,"C5"
"loss_down","GO_BP","GO:0007266","Rho protein signal transduction","1/16","25/1753",1,0.20611705596422,0.469719413325625,"LIMK1"
"loss_down","GO_BP","GO:0007369","gastrulation","1/16","25/1753",1,0.20611705596422,0.469719413325625,"TP53"
"loss_down","GO_BP","GO:0010563","negative regulation of phosphorus metabolic process","1/16","25/1753",1,0.20611705596422,0.469719413325625,"TP53"
"loss_down","GO_BP","GO:0042770","signal transduction in response to DNA damage","1/16","25/1753",1,0.20611705596422,0.469719413325625,"TP53"
"loss_down","GO_BP","GO:0045926","negative regulation of growth","1/16","25/1753",1,0.20611705596422,0.469719413325625,"TP53"
"loss_down","GO_BP","GO:0045936","negative regulation of phosphate metabolic process","1/16","25/1753",1,0.20611705596422,0.469719413325625,"TP53"
"loss_down","GO_BP","GO:0110053","regulation of actin filament organization","1/16","25/1753",1,0.20611705596422,0.469719413325625,"LIMK1"
"loss_down","GO_BP","GO:0006915","apoptotic process","4/16","262/1753",4,0.2074590222977,0.469719413325625,"KREMEN1;TNFRSF18;FASTK;TP53"
"loss_down","GO_BP","GO:0097190","apoptotic signaling pathway","2/16","94/1753",2,0.210286301393558,0.469719413325625,"FASTK;TP53"
"loss_down","GO_BP","GO:0000075","cell cycle checkpoint signaling","1/16","26/1753",1,0.213467823964551,0.469719413325625,"TP53"
"loss_down","GO_BP","GO:0001934","positive regulation of protein phosphorylation","1/16","26/1753",1,0.213467823964551,0.469719413325625,"TNFRSF18"
"loss_down","GO_BP","GO:0002263","cell activation involved in immune response","1/16","26/1753",1,0.213467823964551,0.469719413325625,"TP53"
"loss_down","GO_BP","GO:0002366","leukocyte activation involved in immune response","1/16","26/1753",1,0.213467823964551,0.469719413325625,"TP53"
"loss_down","GO_BP","GO:0006367","transcription initiation at RNA polymerase II promoter","1/16","26/1753",1,0.213467823964551,0.469719413325625,"TP53"
"loss_down","GO_BP","GO:0008361","regulation of cell size","1/16","26/1753",1,0.213467823964551,0.469719413325625,"LIMK1"
"loss_down","GO_BP","GO:0009267","cellular response to starvation","1/16","26/1753",1,0.213467823964551,0.469719413325625,"TP53"
"loss_down","GO_BP","GO:0009411","response to UV","1/16","26/1753",1,0.213467823964551,0.469719413325625,"TP53"
"loss_down","GO_BP","GO:0030183","B cell differentiation","1/16","26/1753",1,0.213467823964551,0.469719413325625,"TP53"
"loss_down","GO_BP","GO:0031099","regeneration","1/16","26/1753",1,0.213467823964551,0.469719413325625,"KREMEN1"
"loss_down","GO_BP","GO:0032204","regulation of telomere maintenance","1/16","26/1753",1,0.213467823964551,0.469719413325625,"TP53"
"loss_down","GO_BP","GO:0045165","cell fate commitment","1/16","26/1753",1,0.213467823964551,0.469719413325625,"TP53"
"loss_down","GO_BP","GO:0046496","nicotinamide nucleotide metabolic process","1/16","26/1753",1,0.213467823964551,0.469719413325625,"TP53"
"loss_down","GO_BP","GO:1901991","negative regulation of mitotic cell cycle phase transition","1/16","26/1753",1,0.213467823964551,0.469719413325625,"TP53"
"loss_down","GO_BP","GO:2000045","regulation of G1/S transition of mitotic cell cycle","1/16","26/1753",1,0.213467823964551,0.469719413325625,"TP53"
"loss_down","GO_BP","GO:0010629","negative regulation of gene expression","3/16","177/1753",3,0.214302780900767,0.469719413325625,"FASTK;TBRG4;TP53"
"loss_down","GO_BP","GO:0002682","regulation of immune system process","3/16","178/1753",3,0.216764191183499,0.469719413325625,"C5;LIMK1;TNFRSF18"
"loss_down","GO_BP","GO:0080135","regulation of cellular response to stress","2/16","96/1753",2,0.217116202447517,0.469719413325625,"KREMEN1;TP53"
"loss_down","GO_BP","GO:0009653","anatomical structure morphogenesis","4/16","267/1753",4,0.217509224175793,0.469719413325625,"LIMK1;FBXW4;FGF3;TP53"
"loss_down","GO_BP","GO:0008219","cell death","4/16","268/1753",4,0.21953897245135,0.469719413325625,"KREMEN1;TNFRSF18;FASTK;TP53"
"loss_down","GO_BP","GO:0012501","programmed cell death","4/16","268/1753",4,0.21953897245135,0.469719413325625,"KREMEN1;TNFRSF18;FASTK;TP53"
"loss_down","GO_BP","GO:0002520","immune system development","1/16","27/1753",1,0.220754746267137,0.469719413325625,"TP53"
"loss_down","GO_BP","GO:0006606","protein import into nucleus","1/16","27/1753",1,0.220754746267137,0.469719413325625,"TP53"
"loss_down","GO_BP","GO:0010721","negative regulation of cell development","1/16","27/1753",1,0.220754746267137,0.469719413325625,"TP53"
"loss_down","GO_BP","GO:0016052","carbohydrate catabolic process","1/16","27/1753",1,0.220754746267137,0.469719413325625,"TP53"
"loss_down","GO_BP","GO:0042327","positive regulation of phosphorylation","1/16","27/1753",1,0.220754746267137,0.469719413325625,"TNFRSF18"
"loss_down","GO_BP","GO:0060326","cell chemotaxis","1/16","27/1753",1,0.220754746267137,0.469719413325625,"C5"
"loss_down","GO_BP","GO:0072524","pyridine-containing compound metabolic process","1/16","27/1753",1,0.220754746267137,0.469719413325625,"TP53"
"loss_down","GO_BP","GO:0045087","innate immune response","2/16","98/1753",2,0.223973298379446,0.469719413325625,"C5;TP53"
"loss_down","GO_BP","GO:0003007","heart morphogenesis","1/16","28/1753",1,0.227978340739748,0.469719413325625,"TP53"
"loss_down","GO_BP","GO:0009636","response to toxic substance","1/16","28/1753",1,0.227978340739748,0.469719413325625,"EPHX1"
"loss_down","GO_BP","GO:0030198","extracellular matrix organization","1/16","28/1753",1,0.227978340739748,0.469719413325625,"ZNF469"
"loss_down","GO_BP","GO:0030336","negative regulation of cell migration","1/16","28/1753",1,0.227978340739748,0.469719413325625,"C5"
"loss_down","GO_BP","GO:0043062","extracellular structure organization","1/16","28/1753",1,0.227978340739748,0.469719413325625,"ZNF469"
"loss_down","GO_BP","GO:0044839","cell cycle G2/M phase transition","1/16","28/1753",1,0.227978340739748,0.469719413325625,"TP53"
"loss_down","GO_BP","GO:0045229","external encapsulating structure organization","1/16","28/1753",1,0.227978340739748,0.469719413325625,"ZNF469"
"loss_down","GO_BP","GO:0051170","import into nucleus","1/16","28/1753",1,0.227978340739748,0.469719413325625,"TP53"
"loss_down","GO_BP","GO:0060560","developmental growth involved in morphogenesis","1/16","28/1753",1,0.227978340739748,0.469719413325625,"LIMK1"
"loss_down","GO_BP","GO:0071824","protein-DNA complex organization","1/16","28/1753",1,0.227978340739748,0.469719413325625,"TP53"
"loss_down","GO_BP","GO:0090287","regulation of cellular response to growth factor stimulus","1/16","28/1753",1,0.227978340739748,0.469719413325625,"TP53"
"loss_down","GO_BP","GO:2001235","positive regulation of apoptotic signaling pathway","1/16","28/1753",1,0.227978340739748,0.469719413325625,"TP53"
"loss_down","GO_BP","GO:0050776","regulation of immune response","2/16","101/1753",2,0.234303414230921,0.469719413325625,"C5;LIMK1"
"loss_down","GO_BP","GO:0098657","import into cell","2/16","101/1753",2,0.234303414230921,0.469719413325625,"SLC43A1;LIMK1"
"loss_down","GO_BP","GO:0010212","response to ionizing radiation","1/16","29/1753",1,0.235139121347379,0.469719413325625,"TP53"
"loss_down","GO_BP","GO:0045927","positive regulation of growth","1/16","29/1753",1,0.235139121347379,0.469719413325625,"LIMK1"
"loss_down","GO_BP","GO:0060828","regulation of canonical Wnt signaling pathway","1/16","29/1753",1,0.235139121347379,0.469719413325625,"KREMEN1"
"loss_down","GO_BP","GO:2000146","negative regulation of cell motility","1/16","29/1753",1,0.235139121347379,0.469719413325625,"C5"
"loss_down","GO_BP","GO:0007167","enzyme-linked receptor protein signaling pathway","2/16","102/1753",2,0.23775719860114,0.469719413325625,"FGF3;TP53"
"loss_down","GO_BP","GO:0140546","defense response to symbiont","2/16","102/1753",2,0.23775719860114,0.469719413325625,"C5;TP53"
"loss_down","GO_BP","GO:0098542","defense response to other organism","2/16","103/1753",2,0.24121560179772,0.469719413325625,"C5;TP53"
"loss_down","GO_BP","GO:0042127","regulation of cell population proliferation","3/16","188/1753",3,0.241762281023804,0.469719413325625,"TBRG4;FGF3;TP53"
"loss_down","GO_BP","GO:0001666","response to hypoxia","1/16","30/1753",1,0.242237598179422,0.469719413325625,"TP53"
"loss_down","GO_BP","GO:0006006","glucose metabolic process","1/16","30/1753",1,0.242237598179422,0.469719413325625,"TP53"
"loss_down","GO_BP","GO:0007033","vacuole organization","1/16","30/1753",1,0.242237598179422,0.469719413325625,"AP5Z1"
"loss_down","GO_BP","GO:0016197","endosomal transport","1/16","30/1753",1,0.242237598179422,0.469719413325625,"AP5Z1"
"loss_down","GO_BP","GO:0071216","cellular response to biotic stimulus","1/16","30/1753",1,0.242237598179422,0.469719413325625,"TP53"
"loss_down","GO_BP","GO:0090092","regulation of transmembrane receptor protein serine/threonine kinase signaling pathway","1/16","30/1753",1,0.242237598179422,0.469719413325625,"TP53"
"loss_down","GO_BP","GO:1902806","regulation of cell cycle G1/S phase transition","1/16","30/1753",1,0.242237598179422,0.469719413325625,"TP53"
"loss_down","GO_BP","GO:0048583","regulation of response to stimulus","6/16","472/1753",6,0.242793437268788,0.469719413325625,"KREMEN1;C5;LIMK1;FGF3;TP53;TSPAN5"
"loss_down","GO_BP","GO:0002376","immune system process","4/16","281/1753",4,0.246479002355146,0.469719413325625,"C5;LIMK1;TNFRSF18;TP53"
"loss_down","GO_BP","GO:0050793","regulation of developmental process","4/16","281/1753",4,0.246479002355146,0.469719413325625,"KREMEN1;LIMK1;FGF3;TP53"
"loss_down","GO_BP","GO:0034655","nucleobase-containing compound catabolic process","2/16","105/1753",2,0.248144891289446,0.469719413325625,"FASTK;TBRG4"
"loss_down","GO_BP","GO:0006352","DNA-templated transcription initiation","1/16","31/1753",1,0.249274277476653,0.469719413325625,"TP53"
"loss_down","GO_BP","GO:0007623","circadian rhythm","1/16","31/1753",1,0.249274277476653,0.469719413325625,"TP53"
"loss_down","GO_BP","GO:0040013","negative regulation of locomotion","1/16","31/1753",1,0.249274277476653,0.469719413325625,"C5"
"loss_down","GO_BP","GO:0043523","regulation of neuron apoptotic process","1/16","31/1753",1,0.249274277476653,0.469719413325625,"TP53"
"loss_down","GO_BP","GO:0048638","regulation of developmental growth","1/16","31/1753",1,0.249274277476653,0.469719413325625,"LIMK1"
"loss_down","GO_BP","GO:0071560","cellular response to transforming growth factor beta stimulus","1/16","31/1753",1,0.249274277476653,0.469719413325625,"TP53"
"loss_down","GO_BP","GO:0009967","positive regulation of signal transduction","3/16","192/1753",3,0.251936555081094,0.469719413325625,"FGF3;TP53;TSPAN5"
"loss_down","GO_BP","GO:0044281","small molecule metabolic process","3/16","192/1753",3,0.251936555081094,0.469719413325625,"EPHX1;HPDL;TP53"
"loss_down","GO_BP","GO:0043066","negative regulation of apoptotic process","2/16","107/1753",2,0.255088586864563,0.469719413325625,"TNFRSF18;TP53"
"loss_down","GO_BP","GO:0002429","immune response-activating cell surface receptor signaling pathway","1/16","32/1753",1,0.256249661658055,0.469719413325625,"LIMK1"
"loss_down","GO_BP","GO:0002443","leukocyte mediated immunity","1/16","32/1753",1,0.256249661658055,0.469719413325625,"C5"
"loss_down","GO_BP","GO:0009306","protein secretion","1/16","32/1753",1,0.256249661658055,0.469719413325625,"PDIA4"
"loss_down","GO_BP","GO:0010562","positive regulation of phosphorus metabolic process","1/16","32/1753",1,0.256249661658055,0.469719413325625,"TNFRSF18"
"loss_down","GO_BP","GO:0035592","establishment of protein localization to extracellular region","1/16","32/1753",1,0.256249661658055,0.469719413325625,"PDIA4"
"loss_down","GO_BP","GO:0036293","response to decreased oxygen levels","1/16","32/1753",1,0.256249661658055,0.469719413325625,"TP53"
"loss_down","GO_BP","GO:0045937","positive regulation of phosphate metabolic process","1/16","32/1753",1,0.256249661658055,0.469719413325625,"TNFRSF18"
"loss_down","GO_BP","GO:0048863","stem cell differentiation","1/16","32/1753",1,0.256249661658055,0.469719413325625,"TP53"
"loss_down","GO_BP","GO:0051302","regulation of cell division","1/16","32/1753",1,0.256249661658055,0.469719413325625,"FGF3"
"loss_down","GO_BP","GO:0071478","cellular response to radiation","1/16","32/1753",1,0.256249661658055,0.469719413325625,"TP53"
"loss_down","GO_BP","GO:0071692","protein localization to extracellular region","1/16","32/1753",1,0.256249661658055,0.469719413325625,"PDIA4"
"loss_down","GO_BP","GO:0008104","intracellular protein localization","4/16","286/1753",4,0.257091847289521,0.469719413325625,"PDIA4;AP5Z1;TP53;TSPAN5"
"loss_down","GO_BP","GO:0043069","negative regulation of programmed cell death","2/16","108/1753",2,0.258565016474342,0.469719413325625,"TNFRSF18;TP53"
"loss_down","GO_BP","GO:0006281","DNA repair","2/16","109/1753",2,0.26204407293489,0.469719413325625,"AP5Z1;TP53"
"loss_down","GO_BP","GO:0002768","immune response-regulating cell surface receptor signaling pathway","1/16","33/1753",1,0.263164249347463,0.469719413325625,"LIMK1"
"loss_down","GO_BP","GO:0007517","muscle organ development","1/16","33/1753",1,0.263164249347463,0.469719413325625,"FGF3"
"loss_down","GO_BP","GO:0031047","regulatory ncRNA-mediated gene silencing","1/16","33/1753",1,0.263164249347463,0.469719413325625,"TP53"
"loss_down","GO_BP","GO:0031334","positive regulation of protein-containing complex assembly","1/16","33/1753",1,0.263164249347463,0.469719413325625,"TP53"
"loss_down","GO_BP","GO:0042594","response to starvation","1/16","33/1753",1,0.263164249347463,0.469719413325625,"TP53"
"loss_down","GO_BP","GO:0045930","negative regulation of mitotic cell cycle","1/16","33/1753",1,0.263164249347463,0.469719413325625,"TP53"
"loss_down","GO_BP","GO:0046651","lymphocyte proliferation","1/16","33/1753",1,0.263164249347463,0.469719413325625,"TP53"
"loss_down","GO_BP","GO:0050769","positive regulation of neurogenesis","1/16","33/1753",1,0.263164249347463,0.469719413325625,"LIMK1"
"loss_down","GO_BP","GO:0071559","response to transforming growth factor beta","1/16","33/1753",1,0.263164249347463,0.469719413325625,"TP53"
"loss_down","GO_BP","GO:0071897","DNA biosynthetic process","1/16","33/1753",1,0.263164249347463,0.469719413325625,"TP53"
"loss_down","GO_BP","GO:1901988","negative regulation of cell cycle phase transition","1/16","33/1753",1,0.263164249347463,0.469719413325625,"TP53"
"loss_down","GO_BP","GO:0008284","positive regulation of cell population proliferation","2/16","110/1753",2,0.265525441555607,0.469719413325625,"TBRG4;FGF3"
"loss_down","GO_BP","GO:0032101","regulation of response to external stimulus","2/16","110/1753",2,0.265525441555607,0.469719413325625,"KREMEN1;C5"
"loss_down","GO_BP","GO:0060284","regulation of cell development","2/16","110/1753",2,0.265525441555607,0.469719413325625,"LIMK1;TP53"
"loss_down","GO_BP","GO:0033554","cellular response to stress","4/16","290/1753",4,0.26567220462149,0.469719413325625,"KREMEN1;PDIA4;AP5Z1;TP53"
"loss_down","GO_BP","GO:0048468","cell development","4/16","290/1753",4,0.26567220462149,0.469719413325625,"KREMEN1;LIMK1;AP5Z1;TP53"
"loss_down","GO_BP","GO:0032943","mononuclear cell proliferation","1/16","34/1753",1,0.270018535400045,0.473740959806728,"TP53"
"loss_down","GO_BP","GO:0034762","regulation of transmembrane transport","1/16","34/1753",1,0.270018535400045,0.473740959806728,"SLC43A1"
"loss_down","GO_BP","GO:0051962","positive regulation of nervous system development","1/16","34/1753",1,0.270018535400045,0.473740959806728,"LIMK1"
"loss_down","GO_BP","GO:0010647","positive regulation of cell communication","3/16","200/1753",3,0.272534631414079,0.475924124052693,"FGF3;TP53;TSPAN5"
"loss_down","GO_BP","GO:0065008","regulation of biological quality","4/16","294/1753",4,0.274327112594406,0.475924124052693,"LIMK1;FASTK;TBRG4;TP53"
"loss_down","GO_BP","GO:0006396","RNA processing","3/16","201/1753",3,0.275130040168375,0.475924124052693,"FASTK;TBRG4;TP53"
"loss_down","GO_BP","GO:0023056","positive regulation of signaling","3/16","201/1753",3,0.275130040168375,0.475924124052693,"FGF3;TP53;TSPAN5"
"loss_down","GO_BP","GO:0000723","telomere maintenance","1/16","35/1753",1,0.276813010928607,0.475924124052693,"TP53"
"loss_down","GO_BP","GO:0006457","protein folding","1/16","35/1753",1,0.276813010928607,0.475924124052693,"PDIA4"
"loss_down","GO_BP","GO:0051259","protein complex oligomerization","1/16","35/1753",1,0.276813010928607,0.475924124052693,"TP53"
"loss_down","GO_BP","GO:0072331","signal transduction by p53 class mediator","1/16","35/1753",1,0.276813010928607,0.475924124052693,"TP53"
"loss_down","GO_BP","GO:0040007","growth","2/16","114/1753",2,0.279467910840476,0.479287467091417,"LIMK1;TP53"
"loss_down","GO_BP","GO:0045184","establishment of protein localization","3/16","204/1753",3,0.282940475179108,0.48028158035605,"PDIA4;AP5Z1;TP53"
"loss_down","GO_BP","GO:0032956","regulation of actin cytoskeleton organization","1/16","36/1753",1,0.283548163329738,0.48028158035605,"LIMK1"
"loss_down","GO_BP","GO:0044092","negative regulation of molecular function","1/16","36/1753",1,0.283548163329738,0.48028158035605,"TP53"
"loss_down","GO_BP","GO:0051051","negative regulation of transport","1/16","36/1753",1,0.283548163329738,0.48028158035605,"SLC43A1"
"loss_down","GO_BP","GO:1902903","regulation of supramolecular fiber organization","1/16","36/1753",1,0.283548163329738,0.48028158035605,"LIMK1"
"loss_down","GO_BP","GO:0141124","intracellular signaling cassette","3/16","206/1753",3,0.288166242000712,0.480903359295908,"LIMK1;FGF3;TP53"
"loss_down","GO_BP","GO:0000082","G1/S transition of mitotic cell cycle","1/16","37/1753",1,0.290224476309775,0.480903359295908,"TP53"
"loss_down","GO_BP","GO:0002250","adaptive immune response","1/16","37/1753",1,0.290224476309775,0.480903359295908,"C5"
"loss_down","GO_BP","GO:0003002","regionalization","1/16","37/1753",1,0.290224476309775,0.480903359295908,"TP53"
"loss_down","GO_BP","GO:0032200","telomere organization","1/16","37/1753",1,0.290224476309775,0.480903359295908,"TP53"
"loss_down","GO_BP","GO:0048511","rhythmic process","1/16","37/1753",1,0.290224476309775,0.480903359295908,"TP53"
"loss_down","GO_BP","GO:0050821","protein stabilization","1/16","37/1753",1,0.290224476309775,0.480903359295908,"TP53"
"loss_down","GO_BP","GO:0070482","response to oxygen levels","1/16","37/1753",1,0.290224476309775,0.480903359295908,"TP53"
"loss_down","GO_BP","GO:2001242","regulation of intrinsic apoptotic signaling pathway","1/16","37/1753",1,0.290224476309775,0.480903359295908,"TP53"
"loss_down","GO_BP","GO:0071345","cellular response to cytokine stimulus","2/16","118/1753",2,0.293423426555741,0.485032459318647,"TNFRSF18;TP53"
"loss_down","GO_BP","GO:0007409","axonogenesis","1/16","38/1753",1,0.296842429910616,0.485999777848885,"LIMK1"
"loss_down","GO_BP","GO:0030111","regulation of Wnt signaling pathway","1/16","38/1753",1,0.296842429910616,0.485999777848885,"KREMEN1"
"loss_down","GO_BP","GO:0034599","cellular response to oxidative stress","1/16","38/1753",1,0.296842429910616,0.485999777848885,"TP53"
"loss_down","GO_BP","GO:0060070","canonical Wnt signaling pathway","1/16","38/1753",1,0.296842429910616,0.485999777848885,"KREMEN1"
"loss_down","GO_BP","GO:0048585","negative regulation of response to stimulus","3/16","210/1753",3,0.298658067559132,0.487808177013249,"KREMEN1;C5;TP53"
"loss_down","GO_BP","GO:0007389","pattern specification process","1/16","39/1753",1,0.303402500535357,0.489727330275894,"TP53"
"loss_down","GO_BP","GO:0015849","organic acid transport","1/16","39/1753",1,0.303402500535357,0.489727330275894,"SLC43A1"
"loss_down","GO_BP","GO:0031669","cellular response to nutrient levels","1/16","39/1753",1,0.303402500535357,0.489727330275894,"TP53"
"loss_down","GO_BP","GO:0044282","small molecule catabolic process","1/16","39/1753",1,0.303402500535357,0.489727330275894,"TP53"
"loss_down","GO_BP","GO:0046942","carboxylic acid transport","1/16","39/1753",1,0.303402500535357,0.489727330275894,"SLC43A1"
"loss_down","GO_BP","GO:0006935","chemotaxis","1/16","40/1753",1,0.309905160973767,0.492117917657417,"C5"
"loss_down","GO_BP","GO:0031346","positive regulation of cell projection organization","1/16","40/1753",1,0.309905160973767,0.492117917657417,"LIMK1"
"loss_down","GO_BP","GO:0032970","regulation of actin filament-based process","1/16","40/1753",1,0.309905160973767,0.492117917657417,"LIMK1"
"loss_down","GO_BP","GO:0042330","taxis","1/16","40/1753",1,0.309905160973767,0.492117917657417,"C5"
"loss_down","GO_BP","GO:0070661","leukocyte proliferation","1/16","40/1753",1,0.309905160973767,0.492117917657417,"TP53"
"loss_down","GO_BP","GO:0072659","protein localization to plasma membrane","1/16","40/1753",1,0.309905160973767,0.492117917657417,"TSPAN5"
"loss_down","GO_BP","GO:0141091","transforming growth factor beta receptor superfamily signaling pathway","1/16","40/1753",1,0.309905160973767,0.492117917657417,"TP53"
"loss_down","GO_BP","GO:0000724","double-strand break repair via homologous recombination","1/16","41/1753",1,0.316350880427602,0.49321978175758,"AP5Z1"
"loss_down","GO_BP","GO:0009416","response to light stimulus","1/16","41/1753",1,0.316350880427602,0.49321978175758,"TP53"
"loss_down","GO_BP","GO:0019318","hexose metabolic process","1/16","41/1753",1,0.316350880427602,0.49321978175758,"TP53"
"loss_down","GO_BP","GO:0032535","regulation of cellular component size","1/16","41/1753",1,0.316350880427602,0.49321978175758,"LIMK1"
"loss_down","GO_BP","GO:0042113","B cell activation","1/16","41/1753",1,0.316350880427602,0.49321978175758,"TP53"
"loss_down","GO_BP","GO:0044843","cell cycle G1/S phase transition","1/16","41/1753",1,0.316350880427602,0.49321978175758,"TP53"
"loss_down","GO_BP","GO:0048193","Golgi vesicle transport","1/16","41/1753",1,0.316350880427602,0.49321978175758,"AP5Z1"
"loss_down","GO_BP","GO:0051402","neuron apoptotic process","1/16","41/1753",1,0.316350880427602,0.49321978175758,"TP53"
"loss_down","GO_BP","GO:0009605","response to external stimulus","3/16","217/1753",3,0.317125989991174,0.493273887670514,"KREMEN1;C5;TP53"
"loss_down","GO_BP","GO:0034097","response to cytokine","2/16","125/1753",2,0.317823700219194,0.493273887670514,"TNFRSF18;TP53"
"loss_down","GO_BP","GO:0000725","recombinational repair","1/16","42/1753",1,0.322740124535755,0.496411940429435,"AP5Z1"
"loss_down","GO_BP","GO:0005996","monosaccharide metabolic process","1/16","42/1753",1,0.322740124535755,0.496411940429435,"TP53"
"loss_down","GO_BP","GO:0006631","fatty acid metabolic process","1/16","42/1753",1,0.322740124535755,0.496411940429435,"EPHX1"
"loss_down","GO_BP","GO:0014706","striated muscle tissue development","1/16","42/1753",1,0.322740124535755,0.496411940429435,"FGF3"
"loss_down","GO_BP","GO:1901652","response to peptide","2/16","127/1753",2,0.3247800147944,0.498090631983691,"TNFRSF18;TP53"
"loss_down","GO_BP","GO:0051128","regulation of cellular component organization","4/16","317/1753",4,0.325283678030165,0.498090631983691,"ZNF469;KREMEN1;LIMK1;TP53"
"loss_down","GO_BP","GO:0048731","system development","5/16","418/1753",5,0.32815807552326,0.499434340274073,"KREMEN1;LIMK1;AP5Z1;FGF3;TP53"
"loss_down","GO_BP","GO:0007178","cell surface receptor protein serine/threonine kinase signaling pathway","1/16","43/1753",1,0.329073355399243,0.499434340274073,"TP53"
"loss_down","GO_BP","GO:0010948","negative regulation of cell cycle process","1/16","43/1753",1,0.329073355399243,0.499434340274073,"TP53"
"loss_down","GO_BP","GO:1990778","protein localization to cell periphery","1/16","43/1753",1,0.329073355399243,0.499434340274073,"TSPAN5"
"loss_down","GO_BP","GO:0048568","embryonic organ development","1/16","44/1753",1,0.335351031606034,0.506719840708677,"TP53"
"loss_down","GO_BP","GO:0062012","regulation of small molecule metabolic process","1/16","44/1753",1,0.335351031606034,0.506719840708677,"TP53"
"loss_down","GO_BP","GO:0072359","circulatory system development","2/16","131/1753",2,0.338659860656567,0.510594866836055,"FGF3;TP53"
"loss_down","GO_BP","GO:0030217","T cell differentiation","1/16","45/1753",1,0.341573608255714,0.511614618479083,"TP53"
"loss_down","GO_BP","GO:0042063","gliogenesis","1/16","45/1753",1,0.341573608255714,0.511614618479083,"TP53"
"loss_down","GO_BP","GO:0060537","muscle tissue development","1/16","45/1753",1,0.341573608255714,0.511614618479083,"FGF3"
"loss_down","GO_BP","GO:0015711","organic anion transport","1/16","46/1753",1,0.347741536983998,0.519718288390028,"SLC43A1"
"loss_down","GO_BP","GO:0001819","positive regulation of cytokine production","1/16","47/1753",1,0.353855265987077,0.525421455556569,"C5"
"loss_down","GO_BP","GO:0007015","actin filament organization","1/16","47/1753",1,0.353855265987077,0.525421455556569,"LIMK1"
"loss_down","GO_BP","GO:0062197","cellular response to chemical stress","1/16","47/1753",1,0.353855265987077,0.525421455556569,"TP53"
"loss_down","GO_BP","GO:0006810","transport","5/16","431/1753",5,0.354634832850893,0.525441674591172,"SLC43A1;PDIA4;LIMK1;AP5Z1;TP53"
"loss_down","GO_BP","GO:0044087","regulation of cellular component biogenesis","2/16","137/1753",2,0.359370991032958,0.527568065537242,"LIMK1;TP53"
"loss_down","GO_BP","GO:0008283","cell population proliferation","3/16","233/1753",3,0.35964066856403,0.527568065537242,"TBRG4;FGF3;TP53"
"loss_down","GO_BP","GO:0007186","G protein-coupled receptor signaling pathway","1/16","48/1753",1,0.359915240045815,0.527568065537242,"C5"
"loss_down","GO_BP","GO:0071214","cellular response to abiotic stimulus","1/16","48/1753",1,0.359915240045815,0.527568065537242,"TP53"
"loss_down","GO_BP","GO:0104004","cellular response to environmental stimulus","1/16","48/1753",1,0.359915240045815,0.527568065537242,"TP53"
"loss_down","GO_BP","GO:0031401","positive regulation of protein modification process","1/16","49/1753",1,0.365921900549784,0.530042145709696,"TNFRSF18"
"loss_down","GO_BP","GO:0040029","epigenetic regulation of gene expression","1/16","49/1753",1,0.365921900549784,0.530042145709696,"TP53"
"loss_down","GO_BP","GO:0043410","positive regulation of MAPK cascade","1/16","49/1753",1,0.365921900549784,0.530042145709696,"FGF3"
"loss_down","GO_BP","GO:0043484","regulation of RNA splicing","1/16","49/1753",1,0.365921900549784,0.530042145709696,"FASTK"
"loss_down","GO_BP","GO:0010558","negative regulation of macromolecule biosynthetic process","4/16","335/1753",4,0.366140680018355,0.530042145709696,"ZNF469;FASTK;TBRG4;TP53"
"loss_down","GO_BP","GO:0000122","negative regulation of transcription by RNA polymerase II","2/16","139/1753",2,0.366239033624484,0.530042145709696,"ZNF469;TP53"
"loss_down","GO_BP","GO:0070887","cellular response to chemical stimulus","3/16","237/1753",3,0.370291482546198,0.532581879472875,"C5;EPHX1;TP53"
"loss_down","GO_BP","GO:0001501","skeletal system development","1/16","50/1753",1,0.371875685521147,0.532581879472875,"TP53"
"loss_down","GO_BP","GO:0001932","regulation of protein phosphorylation","1/16","50/1753",1,0.371875685521147,0.532581879472875,"TNFRSF18"
"loss_down","GO_BP","GO:0010506","regulation of autophagy","1/16","50/1753",1,0.371875685521147,0.532581879472875,"TP53"
"loss_down","GO_BP","GO:0043603","amide metabolic process","1/16","50/1753",1,0.371875685521147,0.532581879472875,"TP53"
"loss_down","GO_BP","GO:0010639","negative regulation of organelle organization","1/16","51/1753",1,0.377777029638388,0.537666062929325,"TP53"
"loss_down","GO_BP","GO:0048667","cell morphogenesis involved in neuron differentiation","1/16","51/1753",1,0.377777029638388,0.537666062929325,"LIMK1"
"loss_down","GO_BP","GO:0072657","protein localization to membrane","1/16","51/1753",1,0.377777029638388,0.537666062929325,"TSPAN5"
"loss_down","GO_BP","GO:0009890","negative regulation of biosynthetic process","4/16","341/1753",4,0.379863278305157,0.539515960491383,"ZNF469;FASTK;TBRG4;TP53"
"loss_down","GO_BP","GO:0006260","DNA replication","1/16","52/1753",1,0.383626364259884,0.54373488818653,"TP53"
"loss_down","GO_BP","GO:0051246","regulation of protein metabolic process","3/16","244/1753",3,0.388912142052958,0.547265879766329,"TNFRSF18;TP53;TSPAN5"
"loss_down","GO_BP","GO:0001503","ossification","1/16","53/1753",1,0.389424117447328,0.547265879766329,"KREMEN1"
"loss_down","GO_BP","GO:0045785","positive regulation of cell adhesion","1/16","53/1753",1,0.389424117447328,0.547265879766329,"TNFRSF18"
"loss_down","GO_BP","GO:0090066","regulation of anatomical structure size","1/16","53/1753",1,0.389424117447328,0.547265879766329,"LIMK1"
"loss_down","GO_BP","GO:0071495","cellular response to endogenous stimulus","2/16","146/1753",2,0.390106436159963,0.547265879766329,"FGF3;TP53"
"loss_down","GO_BP","GO:0051130","positive regulation of cellular component organization","2/16","147/1753",2,0.39349199831943,0.54875933157177,"LIMK1;TP53"
"loss_down","GO_BP","GO:1902533","positive regulation of intracellular signal transduction","2/16","147/1753",2,0.39349199831943,0.54875933157177,"FGF3;TP53"
"loss_down","GO_BP","GO:0033036","macromolecule localization","4/16","347/1753",4,0.39361077051366,0.54875933157177,"PDIA4;AP5Z1;TP53;TSPAN5"
"loss_down","GO_BP","GO:0002683","negative regulation of immune system process","1/16","54/1753",1,0.395170713989,0.54875933157177,"C5"
"loss_down","GO_BP","GO:0042325","regulation of phosphorylation","1/16","54/1753",1,0.395170713989,0.54875933157177,"TNFRSF18"
"loss_down","GO_BP","GO:0031647","regulation of protein stability","1/16","55/1753",1,0.400866575422888,0.549566185182805,"TP53"
"loss_down","GO_BP","GO:0033044","regulation of chromosome organization","1/16","55/1753",1,0.400866575422888,0.549566185182805,"TP53"
"loss_down","GO_BP","GO:0045786","negative regulation of cell cycle","1/16","55/1753",1,0.400866575422888,0.549566185182805,"TP53"
"loss_down","GO_BP","GO:0097193","intrinsic apoptotic signaling pathway","1/16","55/1753",1,0.400866575422888,0.549566185182805,"TP53"
"loss_down","GO_BP","GO:0030154","cell differentiation","5/16","456/1753",5,0.406390227316417,0.549566185182805,"KREMEN1;LIMK1;AP5Z1;FGF3;TP53"
"loss_down","GO_BP","GO:0006163","purine nucleotide metabolic process","1/16","56/1753",1,0.406512120059657,0.549566185182805,"TP53"
"loss_down","GO_BP","GO:0006979","response to oxidative stress","1/16","56/1753",1,0.406512120059657,0.549566185182805,"TP53"
"loss_down","GO_BP","GO:0010720","positive regulation of cell development","1/16","56/1753",1,0.406512120059657,0.549566185182805,"LIMK1"
"loss_down","GO_BP","GO:0016032","viral process","1/16","56/1753",1,0.406512120059657,0.549566185182805,"TP53"
"loss_down","GO_BP","GO:0018193","peptidyl-amino acid modification","1/16","56/1753",1,0.406512120059657,0.549566185182805,"TNFRSF18"
"loss_down","GO_BP","GO:0034504","protein localization to nucleus","1/16","56/1753",1,0.406512120059657,0.549566185182805,"TP53"
"loss_down","GO_BP","GO:0048812","neuron projection morphogenesis","1/16","56/1753",1,0.406512120059657,0.549566185182805,"LIMK1"
"loss_down","GO_BP","GO:1901990","regulation of mitotic cell cycle phase transition","1/16","56/1753",1,0.406512120059657,0.549566185182805,"TP53"
"loss_down","GO_BP","GO:0009790","embryo development","2/16","151/1753",2,0.406967379114964,0.549566185182805,"FBXW4;TP53"
"loss_down","GO_BP","GO:0048869","cellular developmental process","5/16","457/1753",5,0.408474064789047,0.550517108929835,"KREMEN1;LIMK1;AP5Z1;FGF3;TP53"
"loss_down","GO_BP","GO:0030335","positive regulation of cell migration","1/16","57/1753",1,0.412107763005471,0.55324055855529,"TNFRSF18"
"loss_down","GO_BP","GO:0051493","regulation of cytoskeleton organization","1/16","57/1753",1,0.412107763005471,0.55324055855529,"LIMK1"
"loss_down","GO_BP","GO:0002757","immune response-activating signaling pathway","1/16","58/1753",1,0.417653916184665,0.556750207470996,"LIMK1"
"loss_down","GO_BP","GO:0120039","plasma membrane bounded cell projection morphogenesis","1/16","58/1753",1,0.417653916184665,0.556750207470996,"LIMK1"
"loss_down","GO_BP","GO:2000147","positive regulation of cell motility","1/16","58/1753",1,0.417653916184665,0.556750207470996,"TNFRSF18"
"loss_down","GO_BP","GO:0043207","response to external biotic stimulus","2/16","155/1753",2,0.420328325897145,0.556750207470996,"C5;TP53"
"loss_down","GO_BP","GO:0051707","response to other organism","2/16","155/1753",2,0.420328325897145,0.556750207470996,"C5;TP53"
"loss_down","GO_BP","GO:0051234","establishment of localization","5/16","464/1753",5,0.423073524300174,0.556750207470996,"SLC43A1;PDIA4;LIMK1;AP5Z1;TP53"
"loss_down","GO_BP","GO:0002764","immune response-regulating signaling pathway","1/16","59/1753",1,0.423150988362272,0.556750207470996,"LIMK1"
"loss_down","GO_BP","GO:0007610","behavior","1/16","59/1753",1,0.423150988362272,0.556750207470996,"TP53"
"loss_down","GO_BP","GO:0015980","energy derivation by oxidation of organic compounds","1/16","59/1753",1,0.423150988362272,0.556750207470996,"TP53"
"loss_down","GO_BP","GO:0048858","cell projection morphogenesis","1/16","59/1753",1,0.423150988362272,0.556750207470996,"LIMK1"
"loss_down","GO_BP","GO:0010628","positive regulation of gene expression","2/16","156/1753",2,0.423649574781137,0.556750207470996,"C5;TP53"
"loss_down","GO_BP","GO:0006974","DNA damage response","2/16","157/1753",2,0.42696294771589,0.558962943002101,"AP5Z1;TP53"
"loss_down","GO_BP","GO:0016192","vesicle-mediated transport","2/16","157/1753",2,0.42696294771589,0.558962943002101,"LIMK1;AP5Z1"
"loss_down","GO_BP","GO:0009611","response to wounding","1/16","60/1753",1,0.428599385166407,0.558971821718926,"KREMEN1"
"loss_down","GO_BP","GO:2001233","regulation of apoptotic signaling pathway","1/16","60/1753",1,0.428599385166407,0.558971821718926,"TP53"
"loss_down","GO_BP","GO:0009966","regulation of signal transduction","4/16","364/1753",4,0.432561782632689,0.560684864877209,"KREMEN1;FGF3;TP53;TSPAN5"
"loss_down","GO_BP","GO:0006913","nucleocytoplasmic transport","1/16","61/1753",1,0.433999509110493,0.560684864877209,"TP53"
"loss_down","GO_BP","GO:0030098","lymphocyte differentiation","1/16","61/1753",1,0.433999509110493,0.560684864877209,"TP53"
"loss_down","GO_BP","GO:0043254","regulation of protein-containing complex assembly","1/16","61/1753",1,0.433999509110493,0.560684864877209,"TP53"
"loss_down","GO_BP","GO:0051169","nuclear transport","1/16","61/1753",1,0.433999509110493,0.560684864877209,"TP53"
"loss_down","GO_BP","GO:0009607","response to biotic stimulus","2/16","160/1753",2,0.436854469972503,0.56331234285928,"C5;TP53"
"loss_down","GO_BP","GO:0040017","positive regulation of locomotion","1/16","62/1753",1,0.439351759615358,0.564360034054729,"TNFRSF18"
"loss_down","GO_BP","GO:0042110","T cell activation","1/16","62/1753",1,0.439351759615358,0.564360034054729,"TP53"
"loss_down","GO_BP","GO:2000026","regulation of multicellular organismal development","2/16","161/1753",2,0.440135011981458,0.564360034054729,"LIMK1;TP53"
"loss_down","GO_BP","GO:0006310","DNA recombination","1/16","63/1753",1,0.44465653303118,0.568034230278192,"AP5Z1"
"loss_down","GO_BP","GO:0007169","cell surface receptor protein tyrosine kinase signaling pathway","1/16","63/1753",1,0.44465653303118,0.568034230278192,"FGF3"
"loss_down","GO_BP","GO:0009314","response to radiation","1/16","64/1753",1,0.449914222659287,0.572618101566365,"TP53"
"loss_down","GO_BP","GO:0072594","establishment of protein localization to organelle","1/16","64/1753",1,0.449914222659287,0.572618101566365,"TP53"
"loss_down","GO_BP","GO:0033043","regulation of organelle organization","2/16","165/1753",2,0.453170714542963,0.574630517886271,"LIMK1;TP53"
"loss_down","GO_BP","GO:0051240","positive regulation of multicellular organismal process","2/16","165/1753",2,0.453170714542963,0.574630517886271,"C5;LIMK1"
"loss_down","GO_BP","GO:0010605","negative regulation of macromolecule metabolic process","4/16","374/1753",4,0.455372053888222,0.576356511009816,"ZNF469;FASTK;TBRG4;TP53"
"loss_down","GO_BP","GO:0006950","response to stress","5/16","481/1753",5,0.458531156830112,0.579286139199736,"KREMEN1;C5;PDIA4;AP5Z1;TP53"
"loss_down","GO_BP","GO:0006259","DNA metabolic process","2/16","168/1753",2,0.462853432674393,0.583671791938665,"AP5Z1;TP53"
"loss_down","GO_BP","GO:0009117","nucleotide metabolic process","1/16","67/1753",1,0.465408676551806,0.585565701190598,"TP53"
"loss_down","GO_BP","GO:0006952","defense response","2/16","169/1753",2,0.466062496865986,0.585565701190598,"C5;TP53"
"loss_down","GO_BP","GO:0006091","generation of precursor metabolites and energy","1/16","68/1753",1,0.47048190382059,0.587888134828643,"TP53"
"loss_down","GO_BP","GO:0016072","rRNA metabolic process","1/16","68/1753",1,0.47048190382059,0.587888134828643,"TP53"
"loss_down","GO_BP","GO:0042176","regulation of protein catabolic process","1/16","68/1753",1,0.47048190382059,0.587888134828643,"TSPAN5"
"loss_down","GO_BP","GO:0043408","regulation of MAPK cascade","1/16","69/1753",1,0.475509968828822,0.591094264709951,"FGF3"
"loss_down","GO_BP","GO:1901987","regulation of cell cycle phase transition","1/16","69/1753",1,0.475509968828822,0.591094264709951,"TP53"
"loss_down","GO_BP","GO:0009968","negative regulation of signal transduction","2/16","172/1753",2,0.475632702798678,0.591094264709951,"KREMEN1;TP53"
"loss_down","GO_BP","GO:0050790","regulation of catalytic activity","1/16","70/1753",1,0.480493247034724,0.593845884149142,"TP53"
"loss_down","GO_BP","GO:0072521","purine-containing compound metabolic process","1/16","70/1753",1,0.480493247034724,0.593845884149142,"TP53"
"loss_down","GO_BP","GO:0046907","intracellular transport","2/16","174/1753",2,0.481964360980113,0.593845884149142,"AP5Z1;TP53"
"loss_down","GO_BP","GO:0036211","protein modification process","3/16","280/1753",3,0.483084517949113,0.593845884149142,"LIMK1;TNFRSF18;FASTK"
"loss_down","GO_BP","GO:0007005","mitochondrion organization","1/16","71/1753",1,0.485432110996367,0.593845884149142,"TP53"
"loss_down","GO_BP","GO:0032940","secretion by cell","1/16","71/1753",1,0.485432110996367,0.593845884149142,"PDIA4"
"loss_down","GO_BP","GO:0043065","positive regulation of apoptotic process","1/16","71/1753",1,0.485432110996367,0.593845884149142,"TP53"
"loss_down","GO_BP","GO:0043161","proteasome-mediated ubiquitin-dependent protein catabolic process","1/16","71/1753",1,0.485432110996367,0.593845884149142,"FBXW4"
"loss_down","GO_BP","GO:0051641","cellular localization","3/16","281/1753",3,0.485637814879983,0.593845884149142,"AP5Z1;TP53;TSPAN5"
"loss_down","GO_BP","GO:0042221","response to chemical","4/16","389/1753",4,0.48927627196846,0.594907456078962,"C5;EPHX1;TNFRSF18;TP53"
"loss_down","GO_BP","GO:0043068","positive regulation of programmed cell death","1/16","72/1753",1,0.490326930392359,0.594907456078962,"TP53"
"loss_down","GO_BP","GO:0044772","mitotic cell cycle phase transition","1/16","72/1753",1,0.490326930392359,0.594907456078962,"TP53"
"loss_down","GO_BP","GO:1901699","cellular response to nitrogen compound","1/16","72/1753",1,0.490326930392359,0.594907456078962,"TP53"
"loss_down","GO_BP","GO:0009719","response to endogenous stimulus","2/16","177/1753",2,0.491387252728268,0.594907456078962,"FGF3;TP53"
"loss_down","GO_BP","GO:0010648","negative regulation of cell communication","2/16","178/1753",2,0.494507969336731,0.594907456078962,"KREMEN1;TP53"
"loss_down","GO_BP","GO:0023057","negative regulation of signaling","2/16","178/1753",2,0.494507969336731,0.594907456078962,"KREMEN1;TP53"
"loss_down","GO_BP","GO:0005975","carbohydrate metabolic process","1/16","73/1753",1,0.495178072042401,0.594907456078962,"TP53"
"loss_down","GO_BP","GO:0010256","endomembrane system organization","1/16","73/1753",1,0.495178072042401,0.594907456078962,"AP5Z1"
"loss_down","GO_BP","GO:0031667","response to nutrient levels","1/16","73/1753",1,0.495178072042401,0.594907456078962,"TP53"
"loss_down","GO_BP","GO:0009895","negative regulation of catabolic process","1/16","74/1753",1,0.499985899927712,0.598419700652051,"TP53"
"loss_down","GO_BP","GO:1903131","mononuclear cell differentiation","1/16","74/1753",1,0.499985899927712,0.598419700652051,"TP53"
"loss_down","GO_BP","GO:0044419","biological process involved in interspecies interaction between organisms","2/16","180/1753",2,0.500718525035389,0.598419700652051,"C5;TP53"
"loss_down","GO_BP","GO:0008285","negative regulation of cell population proliferation","1/16","75/1753",1,0.504750775211307,0.602189620512968,"TP53"
"loss_down","GO_BP","GO:0001701","in utero embryonic development","1/16","76/1753",1,0.50947305625816,0.604196537883383,"TP53"
"loss_down","GO_BP","GO:0022603","regulation of anatomical structure morphogenesis","1/16","76/1753",1,0.50947305625816,0.604196537883383,"LIMK1"
"loss_down","GO_BP","GO:0030036","actin cytoskeleton organization","1/16","76/1753",1,0.50947305625816,0.604196537883383,"LIMK1"
"loss_down","GO_BP","GO:0051726","regulation of cell cycle","2/16","183/1753",2,0.509955970021106,0.604196537883383,"TBRG4;TP53"
"loss_down","GO_BP","GO:0010646","regulation of cell communication","4/16","399/1753",4,0.51158458773378,0.605081081354091,"KREMEN1;FGF3;TP53;TSPAN5"
"loss_down","GO_BP","GO:0023051","regulation of signaling","4/16","400/1753",4,0.513799786090572,0.606655169118988,"KREMEN1;FGF3;TP53;TSPAN5"
"loss_down","GO_BP","GO:0009892","negative regulation of metabolic process","4/16","401/1753",4,0.516011928523533,0.607322186158147,"ZNF469;FASTK;TBRG4;TP53"
"loss_down","GO_BP","GO:0000165","MAPK cascade","1/16","78/1753",1,0.518791255231304,0.607322186158147,"FGF3"
"loss_down","GO_BP","GO:0006897","endocytosis","1/16","78/1753",1,0.518791255231304,0.607322186158147,"LIMK1"
"loss_down","GO_BP","GO:0006954","inflammatory response","1/16","78/1753",1,0.518791255231304,0.607322186158147,"C5"
"loss_down","GO_BP","GO:0061061","muscle structure development","1/16","78/1753",1,0.518791255231304,0.607322186158147,"FGF3"
"loss_down","GO_BP","GO:0080134","regulation of response to stress","2/16","187/1753",2,0.522123108162746,0.609582483851822,"KREMEN1;TP53"
"loss_down","GO_BP","GO:0051668","localization within membrane","1/16","79/1753",1,0.523387876076856,0.609582483851822,"TSPAN5"
"loss_down","GO_BP","GO:0140352","export from cell","1/16","79/1753",1,0.523387876076856,0.609582483851822,"PDIA4"
"loss_down","GO_BP","GO:0046903","secretion","1/16","80/1753",1,0.527943308563576,0.613845948601039,"PDIA4"
"loss_down","GO_BP","GO:0045892","negative regulation of DNA-templated transcription","2/16","190/1753",2,0.531133970511907,0.613892634607819,"ZNF469;TP53"
"loss_down","GO_BP","GO:1902679","negative regulation of RNA biosynthetic process","2/16","190/1753",2,0.531133970511907,0.613892634607819,"ZNF469;TP53"
"loss_down","GO_BP","GO:0001816","cytokine production","1/16","81/1753",1,0.532457897363925,0.613892634607819,"C5"
"loss_down","GO_BP","GO:0001817","regulation of cytokine production","1/16","81/1753",1,0.532457897363925,0.613892634607819,"C5"
"loss_down","GO_BP","GO:0045596","negative regulation of cell differentiation","1/16","81/1753",1,0.532457897363925,0.613892634607819,"TP53"
"loss_down","GO_BP","GO:0030155","regulation of cell adhesion","1/16","83/1753",1,0.541365909215237,0.623115794834987,"TNFRSF18"
"loss_down","GO_BP","GO:0042981","regulation of apoptotic process","2/16","194/1753",2,0.542992620652227,0.623941269292174,"TNFRSF18;TP53"
"loss_down","GO_BP","GO:0002521","leukocyte differentiation","1/16","84/1753",1,0.545760008288624,0.62398560947666,"TP53"
"loss_down","GO_BP","GO:0007420","brain development","1/16","84/1753",1,0.545760008288624,0.62398560947666,"TP53"
"loss_down","GO_BP","GO:0030029","actin filament-based process","1/16","84/1753",1,0.545760008288624,0.62398560947666,"LIMK1"
"loss_down","GO_BP","GO:0007346","regulation of mitotic cell cycle","1/16","85/1753",1,0.550114615758595,0.627917847604653,"TP53"
"loss_down","GO_BP","GO:0043067","regulation of programmed cell death","2/16","197/1753",2,0.551767789497475,0.628375415564043,"TNFRSF18;TP53"
"loss_down","GO_BP","GO:0006753","nucleoside phosphate metabolic process","1/16","86/1753",1,0.554430063089448,0.628375415564043,"TP53"
"loss_down","GO_BP","GO:0044770","cell cycle phase transition","1/16","86/1753",1,0.554430063089448,0.628375415564043,"TP53"
"loss_down","GO_BP","GO:0045595","regulation of cell differentiation","2/16","198/1753",2,0.554669943023807,0.628375415564043,"LIMK1;TP53"
"loss_down","GO_BP","GO:0043412","macromolecule modification","3/16","309/1753",3,0.555095483719839,0.628375415564043,"LIMK1;TNFRSF18;FASTK"
"loss_down","GO_BP","GO:0097435","supramolecular fiber organization","1/16","87/1753",1,0.558706679160575,0.631421386992017,"LIMK1"
"loss_down","GO_BP","GO:0051248","negative regulation of protein metabolic process","1/16","88/1753",1,0.562944790285083,0.635164681144025,"TP53"
"loss_down","GO_BP","GO:0051052","regulation of DNA metabolic process","1/16","90/1753",1,0.571306790226094,0.642908607225111,"TP53"
"loss_down","GO_BP","GO:0006511","ubiquitin-dependent protein catabolic process","1/16","91/1753",1,0.575431319003234,0.642908607225111,"FBXW4"
"loss_down","GO_BP","GO:0008380","RNA splicing","1/16","91/1753",1,0.575431319003234,0.642908607225111,"FASTK"
"loss_down","GO_BP","GO:0010498","proteasomal protein catabolic process","1/16","91/1753",1,0.575431319003234,0.642908607225111,"FBXW4"
"loss_down","GO_BP","GO:0055086","nucleobase-containing small molecule metabolic process","1/16","91/1753",1,0.575431319003234,0.642908607225111,"TP53"
"loss_down","GO_BP","GO:0060322","head development","1/16","91/1753",1,0.575431319003234,0.642908607225111,"TP53"
"loss_down","GO_BP","GO:0000902","cell morphogenesis","1/16","92/1753",1,0.57951862279141,0.646422398755946,"LIMK1"
"loss_down","GO_BP","GO:0009887","animal organ morphogenesis","1/16","93/1753",1,0.583569015347302,0.649883676182223,"TP53"
"loss_down","GO_BP","GO:0019941","modification-dependent protein catabolic process","1/16","94/1753",1,0.587582807970461,0.652235932472065,"FBXW4"
"loss_down","GO_BP","GO:0046649","lymphocyte activation","1/16","94/1753",1,0.587582807970461,0.652235932472065,"TP53"
"loss_down","GO_BP","GO:0043632","modification-dependent macromolecule catabolic process","1/16","95/1753",1,0.591560309521077,0.655590262247914,"FBXW4"
"loss_down","GO_BP","GO:0007267","cell-cell signaling","1/16","97/1753",1,0.599407662754477,0.662147595248907,"FGF3"
"loss_down","GO_BP","GO:0051276","chromosome organization","1/16","97/1753",1,0.599407662754477,0.662147595248907,"TP53"
"loss_down","GO_BP","GO:0006397","mRNA processing","1/16","98/1753",1,0.603278120119168,0.665351753057475,"TBRG4"
"loss_down","GO_BP","GO:0031399","regulation of protein modification process","1/16","99/1753",1,0.607113497809859,0.667945259289045,"TNFRSF18"
"loss_down","GO_BP","GO:0009888","tissue development","2/16","217/1753",2,0.607577028857673,0.667945259289045,"FGF3;TP53"
"loss_down","GO_BP","GO:0061024","membrane organization","1/16","101/1753",1,0.614680199537663,0.674532129989303,"TP53"
"loss_down","GO_BP","GO:0051253","negative regulation of RNA metabolic process","2/16","220/1753",2,0.615535150689947,0.674532129989303,"ZNF469;TP53"
"loss_down","GO_BP","GO:0051301","cell division","1/16","102/1753",1,0.618412110438025,0.676603999617999,"FGF3"
"loss_down","GO_BP","GO:0043009","chordate embryonic development","1/16","103/1753",1,0.622110115424695,0.679566145193217,"TP53"
"loss_down","GO_BP","GO:0009792","embryo development ending in birth or egg hatching","1/16","105/1753",1,0.629405556135124,0.685352716680468,"TP53"
"loss_down","GO_BP","GO:0065009","regulation of molecular function","1/16","105/1753",1,0.629405556135124,0.685352716680468,"TP53"
"loss_down","GO_BP","GO:0045321","leukocyte activation","1/16","106/1753",1,0.633003560444491,0.687821042495923,"TP53"
"loss_down","GO_BP","GO:0051649","establishment of localization in cell","2/16","227/1753",2,0.633677695127439,0.687821042495923,"AP5Z1;TP53"
"loss_down","GO_BP","GO:0035556","intracellular signal transduction","3/16","351/1753",3,0.650059780905395,0.704488166984362,"LIMK1;FGF3;TP53"
"loss_down","GO_BP","GO:0007417","central nervous system development","1/16","112/1753",1,0.653913121608125,0.70643212822547,"TP53"
"loss_down","GO_BP","GO:0045597","positive regulation of cell differentiation","1/16","112/1753",1,0.653913121608125,0.70643212822547,"LIMK1"
"loss_down","GO_BP","GO:0051603","proteolysis involved in protein catabolic process","1/16","113/1753",1,0.657287521397442,0.708961068677116,"FBXW4"
"loss_down","GO_BP","GO:0045934","negative regulation of nucleobase-containing compound metabolic process","2/16","239/1753",2,0.663383763290756,0.713895893629573,"ZNF469;TP53"
"loss_down","GO_BP","GO:0006338","chromatin remodeling","1/16","115/1753",1,0.663943994366862,0.713895893629573,"TP53"
"loss_down","GO_BP","GO:0051252","regulation of RNA metabolic process","4/16","478/1753",4,0.673691800119909,0.723243466169417,"ZNF469;FASTK;TBRG4;TP53"
"loss_down","GO_BP","GO:0001775","cell activation","1/16","119/1753",1,0.676894942569342,0.725546766566513,"TP53"
"loss_down","GO_BP","GO:0010564","regulation of cell cycle process","1/16","122/1753",1,0.68629946586023,0.733335566324171,"TP53"
"loss_down","GO_BP","GO:1901135","carbohydrate derivative metabolic process","1/16","122/1753",1,0.68629946586023,0.733335566324171,"TP53"
"loss_down","GO_BP","GO:0006629","lipid metabolic process","1/16","123/1753",1,0.689376846943146,0.735478253503886,"EPHX1"
"loss_down","GO_BP","GO:0048646","anatomical structure formation involved in morphogenesis","1/16","124/1753",1,0.692425908568244,0.737584119996608,"TP53"
"loss_down","GO_BP","GO:1902531","regulation of intracellular signal transduction","2/16","253/1753",2,0.695815492500593,0.740045624582027,"FGF3;TP53"
"loss_down","GO_BP","GO:0019637","organophosphate metabolic process","1/16","126/1753",1,0.698440045037191,0.741687106649401,"TP53"
"loss_down","GO_BP","GO:0051247","positive regulation of protein metabolic process","1/16","127/1753",1,0.701405600832769,0.742537410758148,"TNFRSF18"
"loss_down","GO_BP","GO:1903047","mitotic cell cycle process","1/16","127/1753",1,0.701405600832769,0.742537410758148,"TP53"
"loss_down","GO_BP","GO:0033365","protein localization to organelle","1/16","129/1753",1,0.707254875542163,0.74642591480296,"TP53"
"loss_down","GO_BP","GO:0060429","epithelium development","1/16","129/1753",1,0.707254875542163,0.74642591480296,"TP53"
"loss_down","GO_BP","GO:1901698","response to nitrogen compound","1/16","132/1753",1,0.715827702618668,0.75431306297451,"TP53"
"loss_down","GO_BP","GO:0030097","hemopoiesis","1/16","133/1753",1,0.718632611167774,0.754949420001674,"TP53"
"loss_down","GO_BP","GO:0070925","organelle assembly","1/16","133/1753",1,0.718632611167774,0.754949420001674,"AP5Z1"
"loss_down","GO_BP","GO:0007155","cell adhesion","1/16","135/1753",1,0.724164738722239,0.759597875785101,"TNFRSF18"
"loss_down","GO_BP","GO:0007049","cell cycle","2/16","267/1753",2,0.725880322366853,0.760234963578108,"TBRG4;TP53"
"loss_down","GO_BP","GO:0006325","chromatin organization","1/16","137/1753",1,0.729594768427041,0.762960382836814,"TP53"
"loss_down","GO_BP","GO:0009628","response to abiotic stimulus","1/16","139/1753",1,0.734924461094834,0.767364049179689,"TP53"
"loss_down","GO_BP","GO:0022607","cellular component assembly","3/16","397/1753",3,0.738828518626868,0.770268030057799,"LIMK1;AP5Z1;TP53"
"loss_down","GO_BP","GO:1901701","cellular response to oxygen-containing compound","1/16","141/1753",1,0.740155549305012,0.770480586985188,"TP53"
"loss_down","GO_BP","GO:0055085","transmembrane transport","1/16","142/1753",1,0.742734650552606,0.771993894362254,"SLC43A1"
"loss_down","GO_BP","GO:0051049","regulation of transport","1/16","143/1753",1,0.745289737822102,0.773477700674677,"SLC43A1"
"loss_down","GO_BP","GO:0000278","mitotic cell cycle","1/16","156/1753",1,0.776413346567866,0.804561262455523,"TP53"
"loss_down","GO_BP","GO:0051094","positive regulation of developmental process","1/16","158/1753",1,0.780872426628405,0.807961515334971,"LIMK1"
"loss_down","GO_BP","GO:0010604","positive regulation of macromolecule metabolic process","3/16","437/1753",3,0.802354909246782,0.828938957444717,"C5;TNFRSF18;TP53"
"loss_down","GO_BP","GO:0045944","positive regulation of transcription by RNA polymerase II","1/16","172/1753",1,0.809828812548108,0.835402353996995,"TP53"
"loss_down","GO_BP","GO:0007010","cytoskeleton organization","1/16","173/1753",1,0.811753378645028,0.836130356982716,"LIMK1"
"loss_down","GO_BP","GO:0044085","cellular component biogenesis","3/16","454/1753",3,0.825606554326783,0.849063365650312,"LIMK1;AP5Z1;TP53"
"loss_down","GO_BP","GO:0048513","animal organ development","2/16","325/1753",2,0.826784735064735,0.849063365650312,"FGF3;TP53"
"loss_down","GO_BP","GO:0006357","regulation of transcription by RNA polymerase II","2/16","327/1753",2,0.829636493568094,0.850718437350841,"ZNF469;TP53"
"loss_down","GO_BP","GO:1901700","response to oxygen-containing compound","1/16","187/1753",1,0.836850746370332,0.856835241806041,"TP53"
"loss_down","GO_BP","GO:0009893","positive regulation of metabolic process","3/16","466/1753",3,0.840734012034749,0.859528364017642,"C5;TNFRSF18;TP53"
"loss_down","GO_BP","GO:0006996","organelle organization","3/16","469/1753",3,0.844354235287847,0.861944948523011,"LIMK1;AP5Z1;TP53"
"loss_down","GO_BP","GO:0006366","transcription by RNA polymerase II","2/16","345/1753",2,0.853609062812685,0.870097796566868,"ZNF469;TP53"
"loss_down","GO_BP","GO:0010557","positive regulation of macromolecule biosynthetic process","2/16","348/1753",2,0.857318565370588,0.87258239739499,"C5;TP53"
"loss_down","GO_BP","GO:0022402","cell cycle process","1/16","203/1753",1,0.861682122846152,0.875724350033275,"TP53"
"loss_down","GO_BP","GO:0032879","regulation of localization","1/16","205/1753",1,0.864523891414529,0.877312706376283,"SLC43A1"
"loss_down","GO_BP","GO:0009891","positive regulation of biosynthetic process","2/16","362/1753",2,0.873609571059876,0.885223287661853,"C5;TP53"
"loss_down","GO_BP","GO:0065003","protein-containing complex assembly","1/16","237/1753",1,0.903172399586751,0.913193248821587,"TP53"
"loss_down","GO_BP","GO:0045893","positive regulation of DNA-templated transcription","1/16","239/1753",1,0.905206135858133,0.913193248821587,"TP53"
"loss_down","GO_BP","GO:1902680","positive regulation of RNA biosynthetic process","1/16","239/1753",1,0.905206135858133,0.913193248821587,"TP53"
"loss_down","GO_BP","GO:0043933","protein-containing complex organization","1/16","262/1753",1,0.925890506551247,0.930197968160372,"TP53"
"loss_down","GO_BP","GO:0006355","regulation of DNA-templated transcription","2/16","421/1753",2,0.926130047016813,0.930197968160372,"ZNF469;TP53"
"loss_down","GO_BP","GO:2001141","regulation of RNA biosynthetic process","2/16","421/1753",2,0.926130047016813,0.930197968160372,"ZNF469;TP53"
"loss_down","GO_BP","GO:0051254","positive regulation of RNA metabolic process","1/16","268/1753",1,0.930543548091012,0.93326443565853,"TP53"
"loss_down","GO_BP","GO:0006351","DNA-templated transcription","2/16","439/1753",2,0.937815134796017,0.9391842079855,"ZNF469;TP53"
"loss_down","GO_BP","GO:0045935","positive regulation of nucleobase-containing compound metabolic process","1/16","300/1753",1,0.951071625998865,0.951071625998865,"TP53"
