"seqnames","start","end","width","strand","Conc","Conc_p53KD","Conc_Scramble","Fold","p.value","FDR"
"chr20",41113809,41114309,501,"*",8.13568345905469,9.01039753624913,5.54802365759989,3.2406678439062,3.55035010307862e-13,1.14392280321193e-09
"chr20",41099899,41100399,501,"*",7.88033646419909,8.75472294579673,5.29628265071834,3.11054830866766,1.24356844792227e-09,2.00338876960278e-06
"KI270729.1",2871,3371,501,"*",6.27002358995472,7.24155979518385,1.59232054257119,5.30215889823692,5.09580915523662e-09,4.1046742745431e-06
"KI270466.1",771,1271,501,"*",8.01320926366524,8.58345176549385,7.05648901908809,1.33610301471323,2.49810988070088e-05,0.00189976295168535
"chr1",171339325,171339825,501,"*",10.5433809997887,11.4102027096439,8.03996852232821,2.49751139854405,2.86014088989002e-05,0.00200334216244036
"chr20",52001855,52002355,501,"*",3.6967509755447,4.6967509755447,0,3.95072556144344,0.000789111660629359,0.0191397092952585
"KI270411.1",1158,1658,501,"*",4.3272858293089,5.22371111988206,1.47578559509336,1.99279053282048,0.00192543937379491,0.0355258386137699
"chr20",63680241,63680741,501,"*",3.44484134918766,4.44484134918766,0,2.88985837868417,0.00258285326495138,0.043601945597182
"KI270442.1",111271,111771,501,"*",4.67961288967011,5.60496503542721,1.36992812123475,2.02159828535199,0.00295920572237588,0.0469345852738983
