distance_bp,Scramble replicate 1,Scramble replicate 2,Scramble mean,Scramble sem,p53KD replicate 1,p53KD replicate 2,p53KD mean,p53KD sem
-2000.0,0.07031597581683727,0.046017568856782626,0.058166772336809947,0.012149203480027319,0.018368611506871038,0.008353548633015071,0.013361080069943056,0.0050075314369279825
-1959.5959595959596,0.07089989966431555,0.04036699960884152,0.055633449636578534,0.015266450027737013,0.016736773142502416,0.006769233677575058,0.011753003410038737,0.004983769732463679
-1919.1919191919192,0.07338063520494392,0.0365190158581217,0.05494982553153281,0.01843080967341111,0.012565805256156068,0.008314242765024701,0.010440024010590385,0.002125781245565683
-1878.7878787878788,0.08010885549100794,0.032767155620801645,0.056438005555904794,0.023670849935103145,0.008977857010461216,0.008540087622185681,0.008758972316323449,0.00021888469413776712
-1838.3838383838383,0.08023865931851712,0.0289953977728839,0.05461702854570051,0.02562163077281661,0.009336686184563276,0.002377469973843767,0.005857078079203522,0.0034796081053597547
-1797.979797979798,0.07986501214068129,0.039376582948011433,0.05962079754434636,0.020244214596334922,-0.003186469942336862,0.011321657540531651,0.004067593799097395,0.007254063741434256
-1757.5757575757575,0.08684445021360825,0.02939306038675741,0.05811875530018283,0.028725694913425418,-0.011014015188099748,0.0155322552592926,0.002259120035596426,0.013273135223696173
-1717.1717171717173,0.0799911396334314,0.03489718139160512,0.05744416051251826,0.022546979120913132,-0.010984256945639134,0.01938527674667837,0.004200509900519617,0.015184766846158751
-1676.7676767676767,0.07720559213401952,0.05448753431321596,0.06584656322361773,0.011359028910401782,-0.012357682589097835,0.01739218308706768,0.0025172502489849233,0.014874932838082758
-1636.3636363636365,0.07819619737390901,0.055604040357395114,0.06690011886565206,0.011296078508256946,-0.0039079144757401775,0.011860843422293243,0.003976464473276533,0.00788437894901671
-1595.9595959595958,0.08191615529769998,0.05566531437663969,0.06879073483716984,0.013125420460530144,0.002444115540004404,0.003750958857514579,0.0030975371987594915,0.0006534216587550872
-1555.5555555555557,0.08837583383273646,0.06929813496689478,0.07883698439981562,0.009538849432920838,0.004167428969217114,0.0008483480816634948,0.0025078885254403043,0.001659540443776809
-1515.1515151515152,0.09054936891080742,0.0711687716417336,0.08085907027627051,0.009690298634536907,0.0027431895827508632,0.0043913103094036215,0.0035672499460772424,0.000824060363326379
-1474.7474747474748,0.08468967975534424,0.06532856945502792,0.07500912460518608,0.009680555150158155,0.005150669587837042,0.0016506960764499621,0.003400682832143502,0.0017499867556935397
-1434.3434343434344,0.08658390380155262,0.0638076608501641,0.07519578232585836,0.011388121475694263,0.011232109235057757,0.003870506647591744,0.00755130794132475,0.0036808012937330067
-1393.939393939394,0.08508327484823809,0.06450415352592245,0.07479371418708028,0.01028956066115782,0.01649368844658186,0.00870000972645357,0.012596849086517717,0.0038968393600641448
-1353.5353535353536,0.08703673837013498,0.07412667313768043,0.0805817057539077,0.006455032616227276,0.01463298140358391,0.0070306876630777315,0.01083183453333082,0.0038011468702530892
-1313.1313131313132,0.0965571906586411,0.08982566086786044,0.09319142576325076,0.0033657648953903316,0.020927901756589398,0.010896723593662805,0.015912312675126102,0.005015589081463296
-1272.7272727272727,0.097435712895503,0.10293061017679668,0.10018316153614984,0.0027474486406468403,0.024522462048154826,0.006986812947226491,0.015754637497690658,0.008767824550464168
-1232.3232323232323,0.10204219568595627,0.10575913147984203,0.10390066358289915,0.0018584678969428834,0.013652464349337002,0.014432666865620938,0.01404256560747897,0.00039010125814196815
-1191.919191919192,0.10871510847924844,0.1016973038918444,0.10520620618554642,0.003508902293702015,0.01002257106752257,0.013988619790886461,0.012005595429204517,0.0019830243616819456
-1151.5151515151515,0.10714262388635515,0.10600651218047241,0.10657456803341378,0.0005680558529413682,0.0041450551402175745,0.01005141425811287,0.007098234699165222,0.002953179558947647
-1111.1111111111113,0.11110509956771109,0.09684781981016773,0.1039764596889394,0.007128639878771678,0.0007430181096147236,0.018454916303536645,0.009598967206575685,0.00885594909696096
-1070.7070707070707,0.11518906224215505,0.08788317466332089,0.10153611845273797,0.01365294378941708,0.01333738658320812,0.013686164255874845,0.013511775419541482,0.00017438883633336206
-1030.3030303030305,0.12360438477999108,0.09667937845823224,0.11014188161911166,0.01346250316087942,0.015631972450868316,0.01428996799804735,0.014960970224457833,0.0006710022264104828
-989.89898989899,0.13740002384890207,0.12055422086246491,0.12897712235568348,0.008422901493218579,0.029168231284988688,0.026334062953385355,0.02775114711918702,0.0014170841658016663
-949.4949494949497,0.16097840921439152,0.13402756418666936,0.14750298670053044,0.01347542251386108,0.038596614001656974,0.027290298584349715,0.03294345629300335,0.0056531577086536295
-909.0909090909092,0.17007620315595492,0.13719748220522887,0.1536368426805919,0.016439360475363027,0.05181913278437041,0.024619103162189102,0.03821911797327976,0.013600014811090655
-868.6868686868688,0.17678559479948092,0.1423900661796852,0.15958783048958305,0.01719776430989786,0.0674657007408539,0.031222679477525942,0.04934419010918992,0.018121510631663975
-828.2828282828284,0.17922299074424827,0.13379678126841713,0.1565098860063327,0.02271310473791557,0.07077311850100246,0.02756022636274185,0.04916667243187216,0.021606446069130304
-787.878787878788,0.17060952342222058,0.1390381719049488,0.1548238476635847,0.01578567575863589,0.0754197847069424,0.027897661096482937,0.05165872290171267,0.023761061805229727
-747.4747474747476,0.16615142253585086,0.1576327072615026,0.16189206489867675,0.004259357637174124,0.0849001039390541,0.0327818918896013,0.0588409979143277,0.0260591060247264
-707.0707070707072,0.17129217662222102,0.1774589464974788,0.1743755615598499,0.0030833849376288858,0.09035643376986545,0.03686771369801135,0.0636120737339384,0.026744360035927044
-666.6666666666667,0.18115529877739306,0.19708077787578246,0.18911803832658775,0.0079627395491947,0.08700427657905185,0.033942684648029096,0.06047348061354048,0.026530795965511375
-626.2626262626263,0.20025520961727508,0.20552392494989488,0.20288956728358498,0.0026343576663099,0.0756133842449552,0.03264077999218855,0.054127082118571875,0.021486302126383326
-585.8585858585859,0.22182825889274863,0.18633448305850228,0.20408137097562545,0.017746887917123172,0.07016112470156738,0.023045829176553533,0.04660347693906046,0.023557647762506916
-545.4545454545455,0.2442379177790939,0.1866704786020619,0.2154541981905779,0.028783719588515996,0.067248869142994,0.017838486739603383,0.04254367794129869,0.024705191201695308
-505.0505050505051,0.2538932611532455,0.19189266426925317,0.22289296271124934,0.031000298441996168,0.07973359407657488,0.017757362774892017,0.04874547842573344,0.030988115650841426
-464.64646464646466,0.25698458336071933,0.19338329420329375,0.22518393878200654,0.03180064457871279,0.085734638507101,0.01820537316546376,0.05197000583628238,0.03376463267081862
-424.24242424242425,0.25099088930042596,0.22810598164124665,0.23954843547083632,0.011442453829589652,0.08569050896663354,0.021574982829389182,0.053632745898011355,0.03205776306862217
-383.83838383838383,0.24618688291175725,0.23549942149319186,0.24084315220247454,0.005343730709282693,0.0974793521222282,0.03455572151358606,0.06601753681790713,0.03146181530432107
-343.43434343434365,0.24968600782398087,0.2350392266524779,0.24236261723822938,0.007323390585751488,0.07976560265571431,0.04249007902977091,0.06112784084274261,0.018637761812971696
-303.03030303030323,0.26724153243996196,0.2638237706195546,0.26553265152975825,0.0017088809102036862,0.0591003011650173,0.05585075163039922,0.05747552639770826,0.0016247747673090382
-262.6262626262628,0.28294793786264827,0.2712756914568379,0.2771118146597431,0.00583612320290519,0.05993756744910828,0.0662350459141834,0.06308630668164585,0.0031487392325375597
-222.2222222222224,0.30608487210574653,0.2718089757495494,0.288946923927648,0.017137948178098574,0.05820913272446929,0.06659463168493295,0.062401882204701116,0.004192749480231829
-181.81818181818198,0.3130076525657759,0.29222677439293226,0.3026172134793541,0.010390439086421815,0.061986695003219065,0.05956675544837101,0.06077672522579504,0.0012099697774240262
-141.41414141414157,0.31112178234400106,0.290416668172665,0.30076922525833305,0.01035255708566804,0.08326316233149209,0.04699991854613126,0.06513154043881167,0.018131621892680413
-101.01010101010115,0.30665977586581855,0.3038069299066306,0.30523335288622455,0.001426422979593972,0.07830030162723106,0.04025611901999496,0.05927821032361301,0.019022091303618052
-60.60606060606074,0.29732715028001383,0.3365096637109915,0.31691840699550267,0.019591256715488836,0.07209118077161424,0.03966280860112637,0.05587699468637031,0.01621418608524393
-20.20202020202032,0.3009956096891326,0.3535170766784411,0.3272563431837868,0.026260733494654267,0.0667551636901806,0.04170817483215136,0.05423166926116598,0.012523494429014617
20.202020202020094,0.3071360161841342,0.37490004860784953,0.3410180323959919,0.03388201621185765,0.06790550865138703,0.051808211356512285,0.05985686000394966,0.008048648647437373
60.60606060606051,0.31607554265162136,0.36210134822514933,0.33908844543838534,0.023012902786763986,0.07045398629252478,0.06525243253357033,0.06785320941304755,0.002600776879477226
101.0101010101007,0.32736635949809123,0.36215305336094106,0.34475970642951614,0.017393346931424913,0.09201352639377414,0.07019688808199832,0.08110520723788622,0.010908319155887906
141.41414141414134,0.3198028709459912,0.3582995306630622,0.33905120080452666,0.019248329858535498,0.10028606704617797,0.0763600014661539,0.08832303425616594,0.011963032790012032
181.81818181818153,0.31516693816021346,0.3501963527019445,0.332681645431079,0.017514707270865515,0.10376177572569024,0.07319316184597222,0.08847746878583124,0.015284306939859013
222.22222222222217,0.2897419305961894,0.3639887442117159,0.3268653374039526,0.03712340680776324,0.1045915238068777,0.06472320849455653,0.08465736615071712,0.019934157656160585
262.62626262626236,0.27302330175506145,0.3552667067297512,0.3141450042424063,0.04112170248734487,0.09352368112945915,0.055945559110980286,0.07473462012021972,0.018789061009239428
303.030303030303,0.2656026346058934,0.3296293032923269,0.29761596894911013,0.03201333434321676,0.08523394997248297,0.04728422004966496,0.06625908501107397,0.018974864961409005
343.4343434343432,0.2570046938299837,0.30382066032261634,0.2804126770763,0.02340798324631632,0.07211890972346907,0.036876716415156684,0.05449781306931288,0.01762109665415619
383.83838383838383,0.24615601761139086,0.2624397185755826,0.25429786809348676,0.008141850482095881,0.06653135140764617,0.04103324186133077,0.05378229663448847,0.012749054773157699
424.242424242424,0.2490621851757583,0.24766961587099579,0.24836590052337704,0.0006962846523812516,0.06657044740890597,0.03907818227682237,0.052824314842864165,0.0137461325660418
464.64646464646466,0.23553405661694438,0.21655851946977372,0.22604628804335905,0.009487768573585324,0.06585299609927465,0.03124609402299116,0.048549545061132904,0.017303451038141748
505.05050505050485,0.22527805393351066,0.21420093199337967,0.21973949296344517,0.005538560970065497,0.06163363210050321,0.029600572984643476,0.04561710254257334,0.016016529557929867
545.4545454545455,0.21779711761601941,0.20975512387752085,0.21377612074677013,0.004020996869249283,0.06070887096187405,0.029029856359120455,0.04486936366049725,0.015839507301376798
585.8585858585857,0.21068178983679642,0.1890266295831506,0.19985420970997353,0.010827580126822903,0.06290014742073256,0.028010929480161775,0.04545553845044717,0.017444608970285394
626.2626262626259,0.20279046453455168,0.2092865409011055,0.2060385027178286,0.003248038183276902,0.05404788249919269,0.030752742662332917,0.04240031258076281,0.011647569918429886
666.6666666666665,0.190587844631546,0.1975879138291515,0.19408787923034876,0.0035000345988027565,0.045636103186102235,0.024153272701757184,0.034894687943929706,0.010741415242172526
707.0707070707067,0.18177265392960082,0.1797336852035231,0.18075316956656196,0.001019484363038864,0.049690808771771275,0.021610885486408642,0.03565084712908996,0.014039961642681316
747.4747474747473,0.1802640204456181,0.16497821563059312,0.1726211180381056,0.007642902407512488,0.05110688695194854,0.015486136716956802,0.03329651183445267,0.017810375117495867
787.8787878787875,0.18025332266753086,0.14023431033533554,0.1602438165014332,0.02000950616609766,0.05109374783046187,0.012087293034613441,0.031590520432537655,0.01950322739792421
828.2828282828282,0.17614112050727096,0.11615574856333079,0.14614843453530088,0.029992685971970082,0.06120221080534283,0.01919544657259914,0.04019882868897098,0.02100338211637184
868.6868686868684,0.16751402007723568,0.10186069499809361,0.13468735753766464,0.03282666253957103,0.044314268475974944,0.029708480793813653,0.037011374634894297,0.007302893841080646
909.090909090909,0.15700925828610457,0.09363161962435004,0.12532043895522732,0.03168881933087726,0.03584520640799643,0.029091990280209014,0.03246859834410272,0.003376608063893709
949.4949494949492,0.14018770761546737,0.111155004355879,0.1256713559856732,0.014516351629794186,0.029825642989280393,0.02375368653570712,0.026789664762493757,0.003035978226786636
989.8989898989898,0.12695765781191376,0.10304307476943084,0.1150003662906723,0.011957291521241462,0.02414505857408844,0.02641346842147565,0.025279263497782044,0.001134204923693604
1030.30303030303,0.12032478659056195,0.1125152791275953,0.11642003285907862,0.0039047537314833222,0.01567029260114179,0.020523361037166555,0.01809682681915417,0.0024265342180123817
1070.7070707070707,0.11487969492753372,0.11306452831053837,0.11397211161903605,0.0009075833084976753,0.01964872220386973,0.023361827342111306,0.021505274772990517,0.0018565525691207876
1111.1111111111109,0.11767172237517251,0.09232154407804564,0.10499663322660907,0.012675089148563433,0.02234112948560367,0.02633350451554483,0.02433731700057425,0.00199618751497058
1151.5151515151515,0.12728325546605493,0.07424638265488845,0.10076481906047169,0.02651843640558324,0.02674978277208062,0.023080847440426062,0.02491531510625334,0.0018344676658272798
1191.9191919191917,0.12206637622030464,0.06322912319846052,0.09264774970938258,0.029418626510922054,0.027823009556298,0.02085152177543412,0.02433726566586606,0.0034857438904319395
1232.3232323232323,0.11875686599719174,0.041090794443236,0.07992383022021388,0.03883303577697786,0.028188838730150437,0.011420090920361137,0.019804464825255788,0.00838437390489465
1272.7272727272725,0.12296531126214949,0.035643805418069295,0.0793045583401094,0.043660752922040094,0.02461114573395683,0.015581139842009482,0.020096142787983155,0.004515002945973673
1313.1313131313127,0.1082789880175897,0.037760750026638895,0.0730198690221143,0.0352591189954754,0.009026046168305801,0.01503185367721709,0.012028949922761444,0.0030029037544556437
1353.5353535353534,0.08997552457185178,0.04395582407351219,0.06696567432268198,0.02300985024916979,0.003095932722055641,0.009912768460455393,0.0065043505912555175,0.0034084178691998757
1393.9393939393935,0.08361389346025784,0.03980340076290305,0.061708647111580445,0.021905246348677396,0.007173421775528579,0.007100792308670595,0.007137107042099587,3.6314733428991976e-05
1434.3434343434342,0.07896300075268037,0.04502834120689105,0.061995670979785714,0.016967329772894658,-0.0015632738380823208,0.004989937738435054,0.0017133319501763666,0.003276605788258687
1474.7474747474744,0.07881477801447977,0.06104268893351434,0.06992873347399706,0.008886044540482713,0.003879756186700744,0.0009021680097794154,0.0023909620982400796,0.0014887940884606642
1515.151515151515,0.08351528716765592,0.08133363667835333,0.08242446192300462,0.0010908252446512959,0.008334234018056167,-0.002468129921540995,0.002933052048257586,0.005401181969798581
1555.5555555555552,0.08213683693813874,0.09927609315484348,0.0907064650464911,0.008569628108352371,0.006456020817734369,0.0037777219606574533,0.005116871389195911,0.0013391494285384577
1595.9595959595958,0.0797629917448614,0.08781798255430273,0.08379048714958207,0.004027495404720666,0.006408914644756193,0.007915322764435717,0.007162118704595955,0.000753204059839762
1636.363636363636,0.08311167133182089,0.07524367094238095,0.07917767113710092,0.0039340001947199684,0.008026385175485524,0.006348441075256447,0.007187413125370985,0.0008389720501145386
1676.7676767676767,0.08280633997126384,0.06072639855862733,0.07176636926494559,0.011039970706318252,0.011616922005999926,0.005393933092390877,0.008505427549195402,0.003111494456804524
1717.1717171717169,0.08240292524774782,0.04616733618493136,0.0642851307163396,0.01811779453140823,0.014965545162572421,-0.0017471214868627228,0.006609211837854849,0.008356333324717571
1757.5757575757575,0.08298780641317581,0.04537112384311121,0.06417946512814351,0.018808341285032296,0.018226886466852325,-0.0057551581042935155,0.006235864181279405,0.011991022285572918
1797.9797979797977,0.07420933333353048,0.036823163748361254,0.05551624854094587,0.018693084792584615,0.01905233984502653,-0.0056830436460690425,0.0066846480994787435,0.012367691745547787
1838.3838383838383,0.0669953867556095,0.04063275566770849,0.053814071211658994,0.0131813155439505,0.015140796196369813,0.0014383344062038543,0.008289565301286833,0.006851230895082978
1878.7878787878785,0.06322434546391291,0.052464620966237,0.05784448321507495,0.0053798622488379555,0.018135125957196564,0.011399643805620838,0.014767384881408701,0.003367741075787862
1919.1919191919187,0.06131153476058638,0.056291320534933,0.05880142764775969,0.00251010711282669,0.012286752625645719,0.013112829911198266,0.012699791268421991,0.00041303864277627325
1959.5959595959594,0.0669796001368585,0.060751341186862956,0.06386547066186073,0.00311412947499777,0.004866324619977688,0.010774949811734364,0.007820637215856026,0.002954312595878338
2000.0,0.0717221456477862,0.0573578268889382,0.0645399862683622,0.007182159379424,-0.01257566334575781,-0.0015529560293154182,-0.007064309687536614,0.0055113536582211955
