normalized_gene_position_percent,Scramble replicate 1,Scramble replicate 2,Scramble mean,Scramble sem,p53KD replicate 1,p53KD replicate 2,p53KD mean,p53KD sem
0.0,0.3066167790984039,0.3219217049678364,0.3142692420331201,0.007652462934716248,0.08277638597617114,0.0551524990122197,0.06896444249419542,0.01381194348197572
1.0101010101010102,0.26306831454433544,0.26343984057321834,0.2632540775587769,0.00018576301444145346,0.07160779800652928,0.0438322783563482,0.05772003818143874,0.013887759825090535
2.0202020202020203,0.21044568901538913,0.2266531194133392,0.21854940421436417,0.008103715198975042,0.042436357749571274,0.03519080082966868,0.03881357928961998,0.003622778459951296
3.0303030303030303,0.1823799316633027,0.2005464560455339,0.1914631938544183,0.00908326219111559,0.021783411132072605,0.02662922739039479,0.0242063192612337,0.002422908129161093
4.040404040404041,0.1870536507936741,0.20599467758216894,0.1965241641879215,0.009470513394247426,0.05602587009995283,0.02653064808407671,0.04127825909201477,0.014747611007938059
5.050505050505051,0.1724421101726921,0.17124462276402577,0.17184336646835893,0.00059874370433316,0.042480241724226715,0.013164993727779259,0.027822617726002988,0.014657623998223727
6.0606060606060606,0.15216129788073057,0.14320690694651303,0.1476841024136218,0.004477195467108772,0.03122415319171316,0.017395436915546673,0.024309795053629915,0.0069143581380832425
7.070707070707071,0.14939172088899838,0.12187428946508874,0.13563300517704358,0.01375871571195482,0.03512948172915367,0.023192919017546873,0.029161200373350273,0.0059682813558033995
8.080808080808081,0.12018734056249845,0.08695337917885901,0.10357035987067872,0.016616980691819723,0.028134520070030773,0.02799975609821049,0.028067138084120632,6.738198591014176e-05
9.090909090909092,0.11124300145242896,0.07016151260783665,0.09070225703013281,0.020540744422296156,0.038124817381315665,0.012065709424761083,0.025095263403038373,0.01302955397827729
10.101010101010102,0.09092126763261528,0.07619306916363063,0.08355716839812295,0.007364099234492326,0.02944718698573609,0.00018552147877164154,0.014816354232253866,0.014630832753482223
11.111111111111112,0.07728975338338942,0.07487087636090882,0.07608031487214911,0.0012094385112403,0.009923997951799384,0.010510339542638112,0.010217168747218747,0.00029317079541936377
12.121212121212121,0.0774988663298332,0.06546774801167776,0.07148330717075549,0.006015559159077719,0.007957969601385756,-0.0010486598982507311,0.0034546548515675124,0.004503314749818243
13.131313131313131,0.08733969160050035,0.06503084427738991,0.07618526793894513,0.011154423661555222,0.023044390532854647,-0.0005911530424506758,0.011226618745201986,0.011817771787652661
14.141414141414142,0.07368352691672057,0.04674917760113657,0.060216352258928574,0.013467174657792003,0.03425467370379647,0.014325131465475123,0.024289902584635797,0.009964771119160673
15.151515151515152,0.07056265307658124,0.05977076909589715,0.0651667110862392,0.005395941990342046,0.016669799973302795,0.0010212149533339442,0.008845507463318369,0.007824292509984425
16.161616161616163,0.07250661821777578,0.05112117746977343,0.061813897843774605,0.010692720374001173,0.02823929613602933,-0.0049118082993127865,0.011663743918358272,0.016575552217671055
17.171717171717173,0.07453769152209307,0.05101634422918664,0.06277701787563986,0.011760673646453211,0.03497123507685496,0.004743329580496332,0.019857282328675646,0.015113952748179315
18.181818181818183,0.07564189881327318,0.05207430322558239,0.0638581010194278,0.011783797793845398,0.03806678136916646,0.017099685813510283,0.027583233591338373,0.010483547777828088
19.191919191919194,0.06523068584152301,0.049842237178666586,0.0575364615100948,0.007694224331428213,0.016445473846053823,0.011093488525167125,0.013769481185610475,0.0026759926604433487
20.202020202020204,0.0678008446744141,0.024744950371994433,0.04627289752320427,0.021527947151209835,0.01744881464205248,0.0029551355257146045,0.010201975083883543,0.007246839558168937
21.212121212121215,0.07966853576815783,0.05226909302952921,0.06596881439884351,0.01369972136931431,0.025439405095714792,0.010563614965766839,0.018001510030740814,0.007437895064973976
22.222222222222225,0.05846727037450933,0.06520108611107937,0.06183417824279435,0.003366907868285022,0.018027700409629817,0.00898380475820832,0.013505752583919069,0.004521947825710747
23.232323232323235,0.0603491410838353,0.0540964766018727,0.057222808842854,0.0031263322409813,0.016116055210617614,-0.0064912256446098444,0.004812414783003885,0.011303640427613728
24.242424242424242,0.06696038680076062,0.03942154887327552,0.05319096783701807,0.01376941896374255,0.015114582091249475,-0.006117349279677878,0.004498616405785798,0.010615965685463677
25.252525252525253,0.07274779958278338,0.03696845288655138,0.054858126234667376,0.017889673348116,0.019023281609717817,0.009135618319000761,0.01407944996435929,0.004943831645358528
26.262626262626263,0.06322982026400083,0.0485555990283594,0.055892709646180115,0.007337110617820711,0.024309919393331762,0.0024868610922641767,0.013398390242797969,0.010911529150533792
27.272727272727273,0.07518033623763846,0.03712595009661867,0.056153143167128564,0.019027193070509898,0.008091371323975294,-0.001701589309134409,0.0031948910074204428,0.004896480316554852
28.282828282828284,0.07269952950031468,0.022349386317791542,0.04752445790905311,0.025175071591261568,0.007488617382391773,0.0023702908094315666,0.00492945409591167,0.0025591632864801032
29.292929292929294,0.0688107971264467,0.04455274111752889,0.05668176912198779,0.012129028004458902,0.00512574458491831,0.0025204269134541293,0.0038230857491862195,0.0013026588357320902
30.303030303030305,0.0712260104765956,0.05267856721079215,0.06195228884369387,0.009273721632901724,0.0049336272768522255,0.0066871720904304694,0.0058103996836413475,0.0008767724067891219
31.313131313131315,0.053219339854175034,0.031209086312344217,0.04221421308325962,0.011005126770915408,0.008090936258252237,0.0020401751021483483,0.005065555680200293,0.0030253805780519442
32.323232323232325,0.05477217291620336,0.03860440322199549,0.04668828806909942,0.008083884847103935,0.016463009450880077,0.014397783951222931,0.015430396701051504,0.0010326127498285727
33.333333333333336,0.054862292082358544,0.051673998451638906,0.053268145266998725,0.0015941468153598188,0.013372061496995375,0.007778633612514027,0.010575347554754701,0.0027967139422406737
34.343434343434346,0.06025833553472784,0.013352323022927435,0.03680532927882764,0.023453006255900202,0.009451548273430211,-0.0037309295768458714,0.00286030934829217,0.006591238925138042
35.35353535353536,0.0505695286435083,0.021139185495393828,0.03585435706945106,0.014715171574057233,0.0071178811554990585,-0.008477491692374108,-0.0006798052684375247,0.007797686423936583
36.36363636363637,0.045920542731076285,0.0049895971760571586,0.025455069953566722,0.02046547277750956,0.012175080942190497,-0.00021285700534123833,0.0059811119684246294,0.006193968973765867
37.37373737373738,0.04753069637337737,0.026570690761298765,0.03705069356733807,0.010480002806039302,-0.00237062479941548,0.005590203136534751,0.0016097891685596354,0.003980413967975115
38.38383838383839,0.05550913723951924,0.016338406620792056,0.03592377193015565,0.01958536530936359,-0.0052892692138758555,0.015345932167494806,0.005028331476809475,0.010317600690685332
39.3939393939394,0.04110500002983714,0.03602609909024166,0.0385655495600394,0.002539450469797741,-0.006974662911564056,0.007838529906023012,0.0004319334972294779,0.007406596408793533
40.40404040404041,0.05280717443111453,0.028113212538871203,0.04046019348499287,0.012346980946121664,0.00675829067137162,0.009094263826365105,0.007926277248868362,0.0011679865774967422
41.41414141414142,0.06179965763354517,0.02278246998650679,0.04229106381002598,0.019508593823519188,0.01228411936194226,0.008631909429355345,0.010458014395648804,0.0018261049662934576
42.42424242424243,0.06718810165896029,0.03270529295986034,0.049946697309410315,0.017241404349549974,0.009232378800257993,0.01278519477491217,0.011008786787585082,0.0017764079873270886
43.43434343434344,0.06070841651963631,0.013202801128035556,0.03695560882383593,0.023752807695800376,0.009175627205400492,0.026200643546496136,0.017688135375948315,0.008512508170547821
44.44444444444445,0.0528066914075339,0.021235117098578983,0.037020904253056444,0.015785787154477458,0.015048404527124918,0.014088936957267956,0.014568670742196437,0.00047973378492848114
45.45454545454546,0.04997091047038134,0.020505756285173805,0.03523833337777757,0.014732577092603767,0.01147421287016913,0.017042160027779557,0.014258186448974343,0.0027839735788052133
46.46464646464647,0.0519177741995948,0.002023481977179879,0.02697062808838734,0.024947146111207456,0.0018723117492191804,0.0018257321979492439,0.0018490219735842121,2.3289775634968264e-05
47.47474747474748,0.03824753324414418,0.016549913964476665,0.02739872360431042,0.010848809639833755,-0.002282776461628929,-0.006051427010444534,-0.004167101736036731,0.0018843252744078023
48.484848484848484,0.0371113188913997,0.02211712835579947,0.029614223623599584,0.007497095267800115,0.004734948932122983,0.006965304716450863,0.005850126824286923,0.0011151778921639401
49.494949494949495,0.029998720661698022,0.038716915136920375,0.034357817899309195,0.004359097237611176,0.00981204610981589,0.006236957602558036,0.008024501856186963,0.001787544253628927
50.505050505050505,0.03616440227586228,0.024573407052157485,0.030368904664009884,0.005795497611852398,0.013567412683978333,0.004021148098007917,0.008794280390993125,0.0047731322929852075
51.515151515151516,0.04836535546247987,0.05143436320821362,0.04989985933534674,0.001534503872866872,0.011643704467453187,-0.002935840220152457,0.004353932123650365,0.007289772343802821
52.525252525252526,0.04019183224633518,0.01830474077372896,0.02924828651003207,0.01094354573630311,0.012744198043730736,-0.00410964091373727,0.0043172785649967325,0.008426919478734002
53.535353535353536,0.04051984856133582,0.011878420201736139,0.026199134381535982,0.014320714179799842,0.01066027069398558,-0.00014993700138604788,0.005255166846299766,0.0054051038476858135
54.54545454545455,0.03681174084288038,0.0210643238183862,0.028938032330633287,0.00787370851224709,0.009875707241062131,0.005191436050058802,0.007533571645560467,0.0023421355955016644
55.55555555555556,0.0447033741309638,0.018005493285891905,0.03135443370842785,0.013348940422535947,0.01107314817611924,-0.003896953845401013,0.0035880971653591137,0.007485051010760126
56.56565656565657,0.03242305212691938,0.00676748913792053,0.019595270632419955,0.012827781494499422,0.015551262886592395,0.0004831160204744755,0.008017189453533436,0.007534073433058959
57.57575757575758,0.028955812377719218,0.019318221107997996,0.024137016742858605,0.004818795634860611,0.015135374150826265,-0.0013669515137410373,0.006884211318542614,0.008251162832283651
58.58585858585859,0.04692918590622296,0.021197770241907436,0.0340634780740652,0.012865707832157762,0.020562983177823447,-0.0023359208949941253,0.00911353114141466,0.011449452036408785
59.5959595959596,0.04391535469092474,0.028135220695540964,0.03602528769323285,0.007890066997691887,0.02724641949185732,0.013099040308731703,0.020172729900294513,0.0070736895915628085
60.60606060606061,0.03458820541948062,0.014022719531066662,0.02430546247527364,0.01028274294420698,0.02096676555465111,0.008769071956356893,0.014867918755504002,0.006098846799147109
61.61616161616162,0.03679049560336266,0.01588732464158366,0.026338910122473157,0.0104515854808895,0.013028620492904243,0.013662675511141736,0.01334564800202299,0.0003170275091187464
62.62626262626263,0.04932719704915197,0.020778844680702558,0.035053020864927266,0.014274176184224704,0.02239631065592814,0.015453658259727636,0.01892498445782789,0.003471326198100252
63.63636363636364,0.037814202847119845,0.03386869048539701,0.03584144666625842,0.0019727561808614187,0.009874936704691991,0.010485078364884918,0.010180007534788454,0.0003050708300964631
64.64646464646465,0.027618978528480664,0.03140324037650877,0.029511109452494716,0.0018921309240140516,0.014737893094324012,0.0052038314073291235,0.009970862250826568,0.004767030843497444
65.65656565656566,0.03497858615867857,0.02744485253235688,0.031211719345517724,0.003766866813160845,0.017681353630535697,0.01789281802173457,0.017787085826135134,0.0001057321955994367
66.66666666666667,0.03840245004308564,0.0022441255033437235,0.02032328777321468,0.018079162269870958,0.007415491795305007,0.012066972058276573,0.00974123192679079,0.002325740131485783
67.67676767676768,0.030071337407958452,0.01043169953807508,0.020251518473016768,0.009819818934941686,0.0076294209207365925,0.010794291602008598,0.009211856261372595,0.0015824353406360032
68.68686868686869,0.03478014762570506,0.01168556228720221,0.023232854956453636,0.011547292669251426,0.00570176045688861,0.017921632371928776,0.011811696414408693,0.006109935957520083
69.6969696969697,0.04182301172812736,0.02101392217959917,0.031418466953863265,0.010404544774264094,0.009869408114619846,0.007914452738187019,0.008891930426403433,0.0009774776882164134
70.70707070707071,0.02981462240414886,0.020429846168489117,0.02512223428631899,0.004692388117829871,0.008211796659855945,0.01112846316240984,0.009670129911132893,0.001458333251276948
71.71717171717172,0.03127719281229366,0.010195798950584447,0.020736495881439054,0.010540696930854606,0.00640724060206316,0.004425188347137224,0.005416214474600192,0.000991026127462968
72.72727272727273,0.03972162114917026,0.00206992384414229,0.020895772496656275,0.018825848652513986,-0.00155313096087262,0.005137596740766804,0.001792232889947092,0.003345363850819712
73.73737373737374,0.0336543063999195,0.02343526676317147,0.028544786581545488,0.005109519818374016,0.02394543092350349,-0.0029884735793573743,0.010478478672073058,0.013466952251430433
74.74747474747475,0.027219609916737376,0.014475446230893826,0.0208475280738156,0.006372081842921775,0.02439889260018918,0.0045818456313603245,0.014490369115774754,0.00990852348441443
75.75757575757576,0.03302240207199908,0.013264696944494905,0.023143549508246992,0.009878852563752085,0.018353966989286773,0.011702376962681666,0.01502817197598422,0.0033257950133025534
76.76767676767678,0.03796371299035595,0.016425381989264465,0.027194547489810206,0.010769165500545741,0.008043120335799219,0.008486542084444687,0.008264831210121953,0.00022171087432273394
77.77777777777779,0.03146740116992607,0.010437023011132425,0.02095221209052925,0.010515189079396824,0.005896375181803158,-0.0038276214969832838,0.0010343768424099372,0.00486199833939322
78.7878787878788,0.04300475813208882,0.008429516703528194,0.025717137417808508,0.017287620714280316,0.0184611294304245,0.008192160224284647,0.013326644827354574,0.005134484603069927
79.7979797979798,0.037218711468513944,0.031553496993057144,0.034386104230785544,0.0028326072377284,0.018071427490967715,0.00796428708055816,0.013017857285762938,0.005053570205204778
80.80808080808082,0.04047727755203814,0.05324941318217447,0.046863345367106304,0.006386067815068164,0.015693937229106055,-0.0023947118012238007,0.006649612713941128,0.009044324515164927
81.81818181818183,0.043603756233335456,0.03429435072235402,0.03894905347784473,0.004654702755490719,0.014587190665477054,-0.001982529182789011,0.006302330741344021,0.00828485992413303
82.82828282828284,0.028894910437762808,0.016396106886312684,0.022645508662037746,0.006249401775725062,0.015278382759212105,0.002534437157677659,0.008906409958444881,0.0063719728007672225
83.83838383838385,0.031069623397055747,0.015477564331888466,0.023273593864472107,0.007796029532583641,0.028886525860151446,-0.0038738475167976335,0.012506339171676907,0.01638018668847454
84.84848484848486,0.02422149792838415,0.021274929379148818,0.02274821365376648,0.0014732842746176655,0.02834144213892903,0.0038199707282974157,0.016080706433613222,0.012260735705315806
85.85858585858587,0.04071830656739908,0.04270149672557359,0.04170990164648634,0.0009915950790872555,0.04746822272030114,0.015289160525511832,0.03137869162290649,0.016089531097394656
86.86868686868688,0.05278249764742701,0.03027316578745818,0.04152783171744259,0.011254665929984416,0.034740647428323695,0.027535320592743655,0.031137984010533675,0.00360266341779002
87.87878787878789,0.04396769510370696,0.010334975081233521,0.027151335092470242,0.01681636001123672,0.006943939588984637,0.0173801988748544,0.01216206923191952,0.005218129642934881
88.8888888888889,0.026940652267065778,0.0112960115528991,0.01911833190998244,0.00782232035708334,0.014691297258646806,-0.0010864737882284245,0.006802411735209191,0.007888885523437614
89.89898989898991,0.026052090729410716,0.0032097688261784178,0.014630929777794567,0.011421160951616148,0.024857361686024444,-0.00010888336063584705,0.012374239162694298,0.012483122523330144
90.90909090909092,0.028624729960929955,0.013742805948803227,0.02118376795486659,0.007440962006063363,0.002869275410913469,-0.005918951755961456,-0.0015248381725239935,0.004394113583437463
91.91919191919193,0.028262429424167877,0.009564283023098362,0.018913356223633118,0.009349073200534757,-0.0002746011540799625,-0.005263771008862912,-0.002769186081471437,0.0024945849273914746
92.92929292929294,0.04140631252805251,0.024073351263584872,0.032739831895818694,0.00866648063223382,0.0027326969464343018,0.005319454377661503,0.004026075662047902,0.0012933787156136007
93.93939393939395,0.04136384650961654,0.024023654624779553,0.032693750567198046,0.008670095942418491,0.00901537413794291,-0.006996915926650377,0.0010092291056462664,0.008006145032296644
94.94949494949496,0.04459609610754571,0.03391841685384194,0.03925725648069382,0.0053388396268518835,0.010268088605797048,0.0031871778527435596,0.0067276332292703035,0.003540455376526744
95.95959595959597,0.05363217761937126,0.035942507065819196,0.044787342342595224,0.00884483527677603,0.021908341003547695,-0.0030440012999716623,0.009432169851788016,0.012476171151759679
96.96969696969697,0.058039388309328255,0.03518350648869111,0.04661144739900969,0.01142794091031857,0.02514261962233765,0.00473482904165253,0.014938724331995092,0.01020389529034256
97.97979797979798,0.048069798270267326,0.01776897395282884,0.032919386111548085,0.015150412158719241,0.03102118374299684,0.0005892956391697415,0.01580523969108329,0.015215944051913547
98.98989898989899,0.04907777879133356,0.014245701846421988,0.03166174031887777,0.017416038472455785,0.013788069573393964,0.0026605592190610873,0.008224314396227526,0.005563755177166439
100.0,0.04314008043393842,0.023285133726607503,0.03321260708027296,0.009927473353665457,0.020005842854641333,-0.006495917665451217,0.006754962594595058,0.013250880260046274
