"seqnames","start","end","width","strand","Conc","Conc_p53sh_MOF","Conc_Scr_MOF","Fold","p.value","FDR"
"chr1",171339315,171339815,501,"*",11.3015826320948,8.9732538112858,12.1502889806349,-3.14108324696762,4.68962587239662e-80,1.34592262537783e-77
"KI270438.1",103828,104328,501,"*",10.6423439312322,9.59970132113878,11.2412450692842,-1.59812564584528,8.9031226011781e-16,1.27759809326906e-13
"chr20",41113809,41114309,501,"*",8.53439340772823,5.08123647431443,9.46697973554093,-4.04130544232464,3.90320682265329e-14,3.73406786033831e-12
"chr20",41099898,41100398,501,"*",8.33034294543986,4.83887426908927,9.26473672132007,-4.0602077749731,1.50249329273936e-13,1.07803893754049e-11
"KI270438.1",109164,109664,501,"*",10.4500894448231,9.5448090333217,11.0020445005055,-1.40869567770174,1.19428796876583e-10,6.85521294071584e-09
"chr1",228166144,228166644,501,"*",4.91055522618479,0,5.91055522618479,-7.09488899622155,2.0450510957933e-07,9.78216107487796e-06
"KI270467.1",2082,2582,501,"*",9.55490287065163,7.52580778395926,10.3663667452264,-2.44957037502323,5.420180417485e-07,2.22227397116885e-05
"ML143380.1",79222,79722,501,"*",6.5886343320896,0,7.5886343320896,-21.5243440013754,6.6403634668442e-07,2.38223039373036e-05
"KI270466.1",769,1269,501,"*",8.90247610867019,7.29513474690138,9.64387611807801,-2.07745696522368,1.16764559723233e-06,3.72349207117422e-05
"GL000225.1",74435,74935,501,"*",4.648482154726,0.0665784884244397,5.61804335358547,-3.7878744130308,2.85215448148406e-05,0.000818568336185925
"chr10",69222582,69223082,501,"*",5.21786923787278,2.65134675951202,6.09065024371614,-2.5769822100238,6.21183660588916e-05,0.00162072464171835
"chr1",28510593,28511093,501,"*",5.64808871139031,2.94078274126559,6.53318220928077,-2.64068249308041,7.2462410061835e-05,0.00173305930731222
"KI270442.1",135029,135529,501,"*",4.44854028772782,0.803388700975765,5.38970054831478,-3.05236680273896,0.000111386875075816,0.00245907947282763
"chr1",234971054,234971554,501,"*",4.18192124196013,5.18192124196013,0,3.56894039393942,0.000256205802803165,0.00525221895746489
"KI270442.1",140410,140910,501,"*",4.56581496367037,1.06625475783969,5.50058409216156,-2.80556266855643,0.000300262956996177,0.00574503124386018
"chr11",44569137,44569637,501,"*",6.03689847749432,4.09619899093852,6.83557935751884,-2.07273996331231,0.000402630754801165,0.00699028861842556
"chr6",26157332,26157832,501,"*",5.72089085344769,3.43552407698744,6.56476760091474,-2.24782815765364,0.000414058907711619,0.00699028861842556
"KI270519.1",113223,113723,501,"*",3.48392727493049,0,4.48392727493049,-3.39753831588226,0.000467052033453565,0.00744688520006517
"chr17",81966760,81967260,501,"*",6.74875828571348,5.13965439581289,7.49050405703195,-1.8500403622204,0.00060038792430931,0.00872422953116942
"chr10",90921079,90921579,501,"*",5.24194043967961,3.1818614762108,6.05767742144957,-2.09901439133506,0.000607960246074524,0.00872422953116942
"chr8",125655637,125656137,501,"*",8.56875010436513,7.81903435319453,9.05960697756655,-1.13057532854025,0.00109208135298102,0.0149251118240739
"KI270442.1",157079,157579,501,"*",3.23091001916539,0,4.23091001916539,-2.73325853172256,0.00153940983691305,0.0199634974020511
"GL000194.1",4268,4768,501,"*",3.41336010416181,0,4.41336010416181,-2.7036673583863,0.00164164904992037,0.0199634974020511
"chr2",65366536,65367036,501,"*",6.60175839951393,5.43562746726671,7.2381024651692,-1.49149559410169,0.00166942138553738,0.0199634974020511
"chr14",61695035,61695535,501,"*",6.36687044646834,4.9570875298769,7.06609484591783,-1.64972979924387,0.00192182830286475,0.0220625889168873
"ML143380.1",48431,48931,501,"*",4.21569939884682,0.481615987703284,5.1604454351874,-2.34553437185659,0.00244690618774548,0.027010079841652
"chr13",110485409,110485909,501,"*",5.39034248907263,3.69094336952266,6.14914510915867,-1.78370555598548,0.00254263576194895,0.0270272764325684
"chr2",219279041,219279541,501,"*",6.21328825559987,5.02051164269912,6.857181273014,-1.47566704417919,0.00335214063197894,0.0335452276374014
"KI270442.1",180200,180700,501,"*",4.2486581371049,0.803155597170885,5.18087728545318,-2.19862961278432,0.00350066175119935,0.0335452276374014
"chr22",46035720,46036220,501,"*",6.08034470384485,4.72937994108867,6.7655853717257,-1.56824918627662,0.00357428970176285,0.0335452276374014
"chr9",35111415,35111915,501,"*",6.2834570739371,4.90776330435706,6.97466304903593,-1.58200003802184,0.00363750416900473,0.0335452276374014
"chr2",111705755,111706255,501,"*",6.80912910163785,5.97329212031461,7.33493949708163,-1.18618038914117,0.00374023444040713,0.0335452276374014
"chr21",7945318,7945818,501,"*",3.01858768558148,0,4.01858768558148,-2.22972398872206,0.0040529616829363,0.0352484849394763
"chr17",76737281,76737781,501,"*",5.0734789786651,3.43559927065263,5.82079902179179,-1.68455965703978,0.00505159947549326,0.0426414426313696
"GL000224.1",3605,4105,501,"*",7.47963222392018,6.39423129944502,8.09197407155288,-1.3651056946571,0.00600134039571594,0.0492109912448707
"KI270310.1",399,899,501,"*",4.47316038308911,2.18181665027394,5.31771865592311,-1.80815390997573,0.00787787801077896,0.0628041941414878
"chr1",1289851,1290351,501,"*",3.019441473996,0,4.019441473996,-1.81845480385081,0.00924231180065871,0.0716903645078122
"chr2",236078287,236078787,501,"*",5.16618154355774,3.80334014078894,5.8543030214501,-1.48559194339852,0.00952520621577677,0.0719403732612614
"chr16",75305371,75305871,501,"*",5.167703084541,2.8735634267403,6.01257908601476,-1.74336808056362,0.0106787812234429,0.0785848772084133
"chr15",89087786,89088286,501,"*",7.91499520637439,7.18881434783685,8.39577520955416,-1.04636105127462,0.0110487497689069,0.0792747795919073
"chr16",87407478,87407978,501,"*",5.50940268546352,4.06635188464284,6.2162304894197,-1.48608509549241,0.012580103763507,0.0852636376612188
"chr20",50165954,50166454,501,"*",6.75354772960709,5.94907010675877,7.26696837405871,-1.1075477741699,0.0130127280687841,0.0852636376612188
"chr19",3655703,3656203,501,"*",6.52976552330677,5.69092762077289,7.05674200522658,-1.13848700715635,0.0130790930776427,0.0852636376612188
"chr17",77140531,77141031,501,"*",5.43474785268994,4.0050850545893,6.13854168808557,-1.47446546064436,0.0133624432462314,0.0852636376612188
"chr2",10497780,10498280,501,"*",6.87598677294969,6.0205429733249,7.40935547503148,-1.14664380765968,0.0134041942307235,0.0852636376612188
"chr2",121809615,121810115,501,"*",6.61542469744034,5.89079212718577,7.09553349669426,-1.03660178600289,0.0136659488934358,0.0852636376612188
"KI270438.1",101659,102159,501,"*",6.50273836095056,5.75754741652216,6.99167603285257,-1.05257877221999,0.0142000034705744,0.0852927887329337
"chr12",95103104,95103604,501,"*",5.42243665084422,3.72920613820681,6.18011390747229,-1.55382179207163,0.0142649960250203,0.0852927887329337
"chr1",39398612,39399112,501,"*",6.83451513382803,6.13250920492605,7.30469596539784,-1.00950507526738,0.0159343025928562,0.0933294866153007
"KI270442.1",112256,112756,501,"*",4.36790996597338,1.80354408259065,5.24049200087078,-1.62465503539091,0.0189361266118804,0.104982625827305
"chr18",20920994,20921494,501,"*",5.05046300936521,3.65126042683618,5.74722370122467,-1.41557067451049,0.0189592338995477,0.104982625827305
"KI270742.1",11229,11729,501,"*",3.36281464245162,0.0661900030046789,4.28746992676803,-1.63918179383609,0.0190212423101737,0.104982625827305
"chr10",132096168,132096668,501,"*",4.46955910412749,2.38814400017482,5.28817857463665,-1.54453397802778,0.0216403111252051,0.117088692692695
"chrX",37871891,37872391,501,"*",5.0640689672126,3.69078587428815,5.7546989857611,-1.38251707909055,0.0220306251059425,0.117088692692695
"chr6",26103610,26104110,501,"*",5.92684931446476,4.9243362288539,6.51264853852121,-1.2059487845204,0.0230359454719324,0.118164742400503
"chr2",203014390,203014890,501,"*",6.5570286339704,5.67125962118349,7.10181176165414,-1.13235598867814,0.0230565351025372,0.118164742400503
"chr19",17305300,17305800,501,"*",8.90253526013336,8.34097808035082,9.30572614939954,-0.855333461915743,0.0238880300110632,0.118452397515726
"chr6",27139223,27139723,501,"*",5.52117918210205,4.31440377900468,6.16896718769275,-1.30579133255561,0.0243145367596164,0.118452397515726
"chr7",44039021,44039521,501,"*",6.20092478148752,5.26269670864966,6.76469456767629,-1.16500520528705,0.0243508413011423,0.118452397515726
"chr15",17008965,17009465,501,"*",3.65256970217554,0.803155597170885,4.54883959646779,-1.52813299162328,0.0262672425757524,0.125644976987349
"chr17",26937356,26937856,501,"*",3.59168231617231,0.803155597170885,4.48330855982427,-1.51124792507051,0.0275955924777362,0.129835000673939
"GL000225.1",20915,21415,501,"*",3.03267861962521,0,3.9698032509017,-1.45725866723848,0.0298759589653216,0.138296777791085
"chrX",150200864,150201364,501,"*",5.91614310178642,5.12528183269337,6.4240656507694,-1.04565213520528,0.0307573333436777,0.139024972836872
"chr20",35305618,35306118,501,"*",6.55447947297838,5.54741817290748,7.14178808084561,-1.1788888312449,0.0310020845350517,0.139024972836872
"chr1",42963436,42963936,501,"*",5.67367148172152,4.67116914997432,6.25946712945251,-1.17195587922808,0.0326451508579261,0.143519179950568
"chr15",79178967,79179467,501,"*",6.62784722274991,5.69086987388616,7.19117516405091,-1.13090113125685,0.0336590437922329,0.143519179950568
"chr7",44606219,44606719,501,"*",6.70634569585863,6.10350217134705,7.13024128019168,-0.884506537419493,0.0338785256341978,0.143519179950568
"chr12",50247140,50247640,501,"*",7.44482571253529,6.49817979676735,8.01155584395539,-1.13648256575718,0.0340045443785317,0.143519179950568
"chr1",42967011,42967511,501,"*",6.50677440036014,5.88232073342696,6.94115936913742,-0.90130988262378,0.035448438958105,0.146999074077904
"chr11",65919116,65919616,501,"*",5.16865118374152,4.03594035003551,5.79526975625316,-1.21990070259464,0.0358534327019278,0.146999074077904
"chr1",154431454,154431954,501,"*",6.3321654295688,5.30155086972494,6.92719009855857,-1.16524615061532,0.0381662334565436,0.154277591577859
"GL000194.1",62539,63039,501,"*",4.18459200818413,1.80354408259065,5.03901069889806,-1.39292603402131,0.0390515935244481,0.155663990854397
"chr20",58307010,58307510,501,"*",4.65521525415013,3.43557420653302,5.30654066451874,-1.23566037990762,0.0402887428069528,0.158395468295828
"KI270435.1",647,1147,501,"*",5.04000228733814,2.94065912092082,5.86100671890186,-1.36880511575228,0.0411804870652424,0.159713510644927
"chr20",57212397,57212897,501,"*",5.85447797164215,4.8738316744114,6.43293110953415,-1.13087909606207,0.0417967214740519,0.159942120840705
"chr21",7963011,7963511,501,"*",4.82096451157054,3.52575112840562,5.49227972258506,-1.24326609876203,0.0432543476993676,0.163342076180507
"chr5",177516934,177517434,501,"*",6.34999505170586,5.4120412714735,6.91366798255801,-1.10068537830418,0.045289756809958,0.168001492766102
"GL000225.1",25736,26236,501,"*",4.04133578645502,2.5689188770379,4.7546989857611,-1.27447688197535,0.045658942284864,0.168001492766102
"GL000225.1",47260,47760,501,"*",4.00957371305139,2.38840299742801,4.75367316477843,-1.29026154800266,0.0474847582080717,0.172507919059704
"chr2",91502177,91502677,501,"*",3.92374668965087,2.28877668012731,4.67050909360387,-1.28484924902325,0.048500183957726,0.173994409948342
"chr3",4983873,4984373,501,"*",5.60021010793022,6.27597586260735,4.28746992676803,1.21895069859952,0.0501319112262779,0.177627882986935
"chr6",26204318,26204818,501,"*",5.88644101487588,5.13965054947389,6.37605810503166,-0.965690552000326,0.0549757295602799,0.188103281702841
"KI270519.1",82631,83131,501,"*",3.31638113255904,0.481615987703284,4.21155299339391,-1.2554411048112,0.0550917343329625,0.188103281702841
"chr22",12599951,12600451,501,"*",2.75985625461429,0,3.6835403605225,-1.2195751414545,0.0558316069536055,0.188103281702841
"GL000225.1",56429,56929,501,"*",3.42441041797948,0.481227502283523,4.32743245017765,-1.24098050782403,0.0562100123019091,0.188103281702841
"chr6",26285357,26285857,501,"*",6.29505304106543,5.66136969610334,6.73384753706357,-0.881482197752343,0.0563654432977153,0.188103281702841
"chr1",212596287,212596787,501,"*",5.44480878665827,4.33929558082565,6.06329449106139,-1.12756174413636,0.059812813816645,0.19731353523422
"KI270442.1",126335,126835,501,"*",2.99508456192016,0.0661900030046789,3.89710783229358,-1.20238952594021,0.0618227207872133,0.20162637347648
"KI270544.1",-60,440,501,"*",4.94377854928922,3.80335956505981,5.57266614022131,-1.12915428086927,0.0625280074816999,0.201635260081437
"chr6",26122800,26123300,501,"*",6.41408532227877,5.85645884914113,6.81525808677365,-0.804550346989642,0.0668763462593384,0.206971409953827
"chr16",88333338,88333838,501,"*",4.3852015264983,3.06649756258826,5.06246627178238,-1.1569700464128,0.0674702066750626,0.206971409953827
"KI270442.1",89946,90446,501,"*",4.25523540755097,3.06635188464284,4.89803660201808,-1.12800611177443,0.067911069936548,0.206971409953827
"chr14",68685608,68686108,501,"*",7.92963393261733,7.47010568010659,8.27761245248793,-0.709184731244472,0.067982651727431,0.206971409953827
"KI270729.1",2898,3398,501,"*",7.25470073715238,6.67118644637942,7.66901358593732,-0.829253248286436,0.0684902057171903,0.206971409953827
"chr9",90857046,90857546,501,"*",5.67289213710916,4.76672436184743,6.22517022656078,-1.03014279949861,0.0685097001589322,0.206971409953827
"chr22",10717204,10717704,501,"*",3.75403797794417,2.28877668012731,4.46582365216354,-1.1677615124683,0.070605747715671,0.209949080671471
"KN196487.1",29335,29835,501,"*",4.44018167899315,2.72952305715364,5.20102381030265,-1.18494256763288,0.0709584000875705,0.209949080671471
"KI270751.1",148628,149128,501,"*",4.19415599752237,2.65149782926454,4.92250980236739,-1.16763195112036,0.0725476865693677,0.212461082096005
"chr21",7966776,7967276,501,"*",4.79251506434345,3.7292674827913,5.39795857608042,-1.07670020979708,0.0735561931382077,0.213238660915814
"chr8",125680067,125680567,501,"*",7.68970235541347,7.12168665393106,8.09619121532475,-0.806706156858705,0.0747785820636038,0.213592596127345
"KI270732.1",38420,38920,501,"*",3.30397256376437,0.803544082590646,4.17050537238849,-1.1516549780068,0.0751667324350587,0.213592596127345
"GL000225.1",65956,66456,501,"*",2.77994070628737,0,3.74281463681527,-0.984649504475474,0.0785587002075142,0.220762371165791
"GL000225.1",98933,99433,501,"*",3.50781991443287,1.28858242434113,4.34394212634802,-1.14280816446906,0.079701232140193,0.220762371165791
"KI270519.1",86659,87159,501,"*",3.75795600438656,1.65115250372583,4.57994303366183,-1.14565989909855,0.0799975142900428,0.220762371165791
"chr5",177470654,177471154,501,"*",5.98145438432376,5.33936926268637,6.42422683905967,-0.857804584226331,0.0811607133843141,0.221839283250459
"KI270442.1",96558,97058,501,"*",5.02448434576746,4.15388899491909,5.56359737865786,-0.984701339464017,0.0838362628241881,0.226990636137189
"GL000214.1",131935,132435,501,"*",4.39842762392981,2.56869034353386,5.17973206695513,-1.12709909987403,0.0853619543830026,0.228070956697403
"chr11",48013525,48014025,501,"*",6.34899243996426,5.71987666516913,6.78560996556969,-0.842720956662855,0.0858246108826464,0.228070956697403
"chr7",27134267,27134767,501,"*",5.38591241536206,4.56895315394135,5.90430949246129,-0.953223521086229,0.0877751719336217,0.230022613352282
"chr10",35409087,35409587,501,"*",5.43939708000494,4.52570992296911,5.99440166286527,-0.9922137011565,0.0887281972592512,0.230022613352282
"chr6",27807884,27808384,501,"*",5.03796417014891,4.09619899093852,5.60298071318988,-1.0006303103236,0.0889634497634263,0.230022613352282
"KI270512.1",7093,7593,501,"*",3.85752445347104,2.48137319657524,4.54883959646779,-1.08771969670129,0.0906554327469846,0.232304546414148
"KI270733.1",147497,147997,501,"*",5.96840186023261,5.36410102171932,6.39301218270246,-0.820905187654032,0.0933347328385274,0.236177530246403
"chr8",125706300,125706800,501,"*",6.80723495129147,6.03588041993024,7.30715260929313,-0.921034300740227,0.0938126775194771,0.236177530246403
"chr22",10738964,10739464,501,"*",4.58892828275096,3.56893030276287,5.18049564695382,-1.00301820618374,0.0990634691629781,0.247227962171954
"chr1",151311467,151311967,501,"*",5.78336215240729,5.15388899491909,6.22015037912175,-0.827478014164407,0.102265231095472,0.250536207832129
"chr16",28211810,28212310,501,"*",5.94357381974507,4.98934233035234,6.51295170139008,-0.977924233924726,0.102456907496347,0.250536207832129
"chr18",11857360,11857860,501,"*",6.78132538742758,6.18184093116263,7.20356941384872,-0.803523728321793,0.103007918202757,0.250536207832129
"chr1",236097088,236097588,501,"*",3.18683661795998,0.803155597170885,4.0415345989151,-1.01549801294041,0.106836180472276,0.257663729374312
"chr9",6080322,6080822,501,"*",6.76588286199735,6.1609634454121,7.19079624032367,-0.801446844705398,0.109732466054285,0.262443481313166
"chr6",27132602,27133102,501,"*",5.86723010561742,5.22282520573707,6.3110949014184,-0.8229101189292,0.117772874820217,0.278803376688225
"chr8",128176724,128177224,501,"*",7.76798279257622,7.08515845266235,8.22956944441309,-0.841596828644134,0.118515721100918,0.278803376688225
"KN538372.1",36082,36582,501,"*",2.28894316427129,3.28894316427129,0,0.810730898677232,0.12411472517053,0.287001092874896
"chr2",113240780,113241280,501,"*",6.06236719925854,5.48146424803652,6.47537063210198,-0.770886235355239,0.124880219185784,0.287001092874896
"chrX",154378786,154379286,501,"*",5.50726889208405,4.45870476478393,6.10806282344029,-0.953875970719465,0.125578075600308,0.287001092874896
"chr13",45341082,45341582,501,"*",6.46483558348524,5.92444116286501,6.85706187559815,-0.743777701443269,0.126000479798735,0.287001092874896
"chr10",68153531,68154031,501,"*",5.58011211091397,4.87369293184318,6.05224699815292,-0.831328708040213,0.135700367030682,0.306661459352802
"KI270442.1",186196,186696,501,"*",3.72501070475912,1.94065912092082,4.49874848007754,-0.947520210523775,0.138000308212357,0.308307977443997
"GL000224.1",14676,15176,501,"*",5.44201160165424,4.5474732591514,5.99003454511141,-0.895290384482324,0.138577453276221,0.308307977443997
"chr5",136058350,136058850,501,"*",7.07258996791407,6.63625281657761,7.40714852738251,-0.64296261406063,0.143600287465185,0.315797598335906
"chr6",134035735,134036235,501,"*",5.19632776129482,4.50373876826449,5.66231007325948,-0.81693463460469,0.144144548369351,0.315797598335906
"chr19",36182474,36182974,501,"*",6.18861642524656,5.32677498809683,6.72442078455778,-0.876124040079028,0.145522846410974,0.316401946363254
"chr1",2133245,2133745,501,"*",6.28486272654583,6.78985086009189,5.50119544421399,0.846393861553077,0.152558068877041,0.329204253892562
"KI270465.1",686,1186,501,"*",3.99914119862335,2.38811809789204,4.74126289476227,-0.908935578669565,0.155062135042543,0.332110692217983
"KN538372.1",88882,89382,501,"*",4.08077180465254,3.06635188464284,4.67050909360387,-0.881975688924069,0.15999541761312,0.33946035881253
"chr5",181088293,181088793,501,"*",3.44294562573519,1.28897090976089,4.2710143820211,-0.854980793271455,0.160859264106286,0.33946035881253
"chr16",89994802,89995302,501,"*",5.27462366738212,4.56890173828077,5.74645040636848,-0.802350791187879,0.164045688872231,0.343657756980514
"chr21",7917086,7917586,501,"*",5.18613430186612,4.06620619198592,5.80895527309632,-0.879262956031033,0.167539171878865,0.345964110901848
"KI270751.1",139554,140054,501,"*",5.36283771551695,4.20952178433846,5.99548685379511,-0.881260464671542,0.167557531063961,0.345964110901848
"chr5",41903986,41904486,501,"*",5.30159619673229,4.71023785866048,5.71982101312094,-0.738857374730678,0.170161091378117,0.34883023732514
"chr8",123516799,123517299,501,"*",5.75427685826556,5.08134461273285,6.21136620127472,-0.772155294387823,0.174431221815227,0.355047947950142
"chr10",102661097,102661597,501,"*",6.46670617537334,6.05126100902719,6.78887881521855,-0.605539065535369,0.181196809666762,0.364498795306973
"chr20",62794165,62794665,501,"*",5.92237076496533,3.38811809789204,6.79214027506836,-0.762274079255667,0.181614382330652,0.364498795306973
"chr22",42964912,42965412,501,"*",6.36239009402468,5.9892163982684,6.65860411390258,-0.564799924331329,0.191131637708664,0.377241809806495
"chr17",19111803,19112303,501,"*",3.20229222350901,1.80346639387508,3.89896477420933,-0.831409995378424,0.19166086345829,0.377241809806495
"KN538372.1",124456,124956,501,"*",2.52071960996544,0,3.43020496948511,-0.688145578285435,0.191906983385882,0.377241809806495
"chr20",28639145,28639645,501,"*",4.50203633733214,3.69079637450537,5.01816060182212,-0.787699816235857,0.197635375040612,0.385859541745958
"chr5",131635268,131635768,501,"*",5.67654811431913,5.16795434437291,6.05182976470994,-0.665077422264985,0.200538204706801,0.388881518586838
"chr9",34458478,34458978,501,"*",5.2053894505245,3.97346908403296,5.86005379374789,-0.799980853779002,0.209463921881293,0.401065467592705
"chr6",3808827,3809327,501,"*",6.15948761559409,5.51496485887836,6.60340783909688,-0.725285640799683,0.209616098044968,0.401065467592705
"chr1",160046420,160046920,501,"*",6.02074715615112,5.61071864942715,6.33966148648225,-0.584729141179791,0.217593806122011,0.41357233349018
"chr14",23320939,23321439,501,"*",5.19562061773494,4.50389415953475,5.66121638480917,-0.718540062632181,0.232517844820696,0.439030404365393
"chr15",17025499,17025999,501,"*",2.99823375478977,1.65141150562871,3.6824626546056,-0.734465846834914,0.240688884849579,0.451488300338752
"KI270744.1",108826,109326,501,"*",5.22699217805508,4.56877033437825,5.67730995712289,-0.693619973915448,0.245102648450077,0.455825043716166
"chr21",9015324,9015824,501,"*",5.66900441768139,5.08143672425196,6.08534275128175,-0.668573455242959,0.246177288418139,0.455825043716166
"KI270757.1",50535,51035,501,"*",4.37927123083987,3.65143308702191,4.86076854661534,-0.70669340771647,0.248433216662505,0.457053417834224
"chr19",10748995,10749495,501,"*",5.74780538382455,5.16801091755271,6.16025190689209,-0.651832494563912,0.261192550681746,0.474742220596798
"chr9",86106827,86107327,501,"*",3.2355904097326,1.65115250372583,3.97245106206159,-0.675524410156005,0.262140706069231,0.474742220596798
"chr5",37668479,37668979,501,"*",6.12435839563933,5.73886672983966,6.42826411683735,-0.544806624329965,0.264090636328708,0.474742220596798
"chr20",30851228,30851728,501,"*",2.96385713988034,0.803155597170885,3.79277504886982,-0.612222687776286,0.264664652597518,0.474742220596798
"chr21",7953700,7954200,501,"*",3.9844371739903,2.80315559717089,4.62509547810611,-0.67654793894534,0.27988259972363,0.498921156029079
"chr20",63641730,63642230,501,"*",5.010831754418,3.94104760634058,5.61832516087441,-0.677063643733261,0.283239347693753,0.501788227087081
"chr1",227934632,227935132,501,"*",4.44356136760415,3.80343725952814,4.88540839909605,-0.6476235524761,0.286193910438239,0.501812328686452
"chr2",159712064,159712564,501,"*",5.38024611671983,4.71035698948359,5.83594289259186,-0.65054219532021,0.28799260842259,0.501812328686452
"chr21",10375898,10376398,501,"*",1.56903313021583,2.56903313021583,0,0.475825664356391,0.288498377119389,0.501812328686452
"KI270411.1",1115,1615,501,"*",4.33093059511527,3.72939016413557,4.75418616644536,-0.63063632254715,0.293882768735281,0.508098521849552
"chrX",76145823,76146323,501,"*",3.28744425261666,1.94104760634058,3.97156899818572,-0.632335454153419,0.29857748810589,0.510648276209231
"chr3",4978766,4979266,501,"*",5.30381608766183,4.67133412262541,5.74203897441769,-0.629716926550161,0.300448302121695,0.510648276209231
"chr11",64305004,64305504,501,"*",5.90655947918091,5.35192426718246,6.3061908652148,-0.611123690641929,0.30069532640892,0.510648276209231
"KI270330.1",1214,1714,501,"*",4.22605144457528,3.38819580334528,4.75264661387192,-0.642247581921816,0.309389792164591,0.522322766771987
"chr19",45584723,45585223,501,"*",5.61073080801328,5.22289782120439,5.91608650600622,-0.525154276418106,0.314442769361204,0.527748975477576
"chr7",2508748,2509248,501,"*",5.94097845372417,5.44729772237723,6.30811371267092,-0.57340457245884,0.31730006302679,0.529448360980749
"chr1",15524225,15524725,501,"*",5.44808838005723,5.03596514797158,5.76826508474037,-0.533668919251255,0.319713741488224,0.530392160734799
"chr1",28648656,28649156,501,"*",5.45818116675212,5.00503438524782,5.80250080379605,-0.550370635159743,0.324632141322083,0.532610132114846
"chr20",44210638,44211138,501,"*",6.3561997710251,6.03605607009057,6.61804335358547,-0.46543326741996,0.324762275679784,0.532610132114846
"chr9",105064508,105065008,501,"*",5.65883922711933,5.24954370998638,5.97731113101461,-0.525206414789922,0.32994688226516,0.538038381875573
"chr1",149812254,149812754,501,"*",5.57080083178391,4.9408092299614,6.00783657843524,-0.589757255096075,0.339535399192803,0.545958755776698
"chr1",205284634,205285134,501,"*",4.86977403878254,4.38824760465569,5.23017266802178,-0.552892617974667,0.340124741052936,0.545958755776698
"KI270735.1",40419,40919,501,"*",2.7066790688698,3.52562162164198,0.622850047427508,0.49259667546801,0.340510861616826,0.545958755776698
"chr12",26114286,26114786,501,"*",6.20119098158047,5.80343725952814,6.51264853852121,-0.511198492200375,0.343002755500722,0.546898837937263
"chr19",45769235,45769735,501,"*",6.91598443066314,6.62611912346086,7.15724080178733,-0.428732213185607,0.354130598302443,0.561521998413266
"KI270333.1",235,735,501,"*",1.72954350114687,2.72954350114687,0,0.36567480971701,0.356848860022158,0.562658132946657
"KI270744.1",119246,119746,501,"*",3.48383821171142,1.94065912092082,4.21229992011649,-0.51524959752712,0.358768077802224,0.562658132946657
"chr2",85584965,85585465,501,"*",5.5891372801969,5.1109019818507,5.94769652127247,-0.530392559388902,0.367943926227497,0.573912537104846
"chr20",29885754,29886254,501,"*",5.39973429978619,4.85635119236427,5.79352391414311,-0.547434148831759,0.369964180989825,0.573944432130161
"chr17",68457462,68457962,501,"*",6.1530995219074,5.86517373808529,6.39301218270246,-0.423940888102075,0.376858001244088,0.581495948156201
"chr19",39073517,39074017,501,"*",5.73485092177846,5.28878708594918,6.07507950924193,-0.505991629934675,0.384707490223284,0.59043342082397
"chr20",34525774,34526274,501,"*",5.7500703603767,5.44718273341845,6.00027006481928,-0.429722967549379,0.387451575386264,0.591481926254563
"chr7",100958059,100958559,501,"*",3.14208318943673,2.18202582606424,3.71348189362417,-0.52904894764056,0.390082581915447,0.592347624390123
"chr4",139014286,139014786,501,"*",5.71824242062537,5.3394998712827,6.01794701252167,-0.466819725624362,0.404515551021667,0.611031384964307
"chr7",876279,876779,501,"*",5.74893926699286,5.40036044301863,6.02947118788305,-0.445728686265604,0.414101842965426,0.616391699456789
"KN538372.1",91678,92178,501,"*",3.25129059221463,2.28891541824809,3.8234902260204,-0.495916608444631,0.415020566028945,0.616391699456789
"chr16",4944725,4945225,501,"*",6.06678249725086,5.72943872261913,6.34000326478386,-0.439244379416801,0.415023188097569,0.616391699456789
"KI270303.1",323,823,501,"*",1.28897090976089,2.28897090976089,0,0.316342617997592,0.416655016357551,0.616391699456789
"chr9",132269729,132270229,501,"*",4.31712611145407,4.67121172536772,3.84684670435504,0.479992185167874,0.42778353058867,0.625500391534471
"KI270519.1",133092,133592,501,"*",2.99981425281017,2.06651374811866,3.56184026357719,-0.479814292646057,0.427802209314131,0.625500391534471
"chr5",150497482,150497982,501,"*",6.60403941724443,6.31438162976291,6.84515216382209,-0.401816018178591,0.429350442969654,0.625500391534471
"chr2",9178991,9179491,501,"*",6.27288074629795,5.94898670317325,6.5372242975429,-0.421701941683229,0.432628323111999,0.627092569359312
"GL000225.1",2868,3368,501,"*",3.36909758421685,2.06619000300468,4.04237491867418,-0.429159844523107,0.436886584707648,0.630082662367311
"GL000225.1",50958,51458,501,"*",2.9418576273841,3.52584530784141,1.94477814231487,0.458226254169024,0.442782871699696,0.630720290404172
"chr15",60392759,60393259,501,"*",5.35292518042125,3.9730805986132,6.045120074702,-0.410769708960848,0.443825054287351,0.630720290404172
"KI270728.1",232524,233024,501,"*",2.72258398115658,3.33931567625178,1.62285004742751,0.443128049733832,0.445895482241917,0.630720290404172
"KN196487.1",2340,2840,501,"*",0.940835718170868,1.94083571817087,0,0.301741622237801,0.446119229798073,0.630720290404172
"chr6",26026686,26027186,501,"*",4.76750576446914,4.2888946083805,5.12627540034641,-0.460074876379712,0.45645479247803,0.642169242358797
"chr1",91387213,91387713,501,"*",0.941047606340581,1.94104760634058,0,0.286620641507566,0.459840575793221,0.643776806110509
"chr9",95434071,95434571,501,"*",6.11693381650996,5.82137487376907,6.36211716328629,-0.393159431938238,0.463924517642202,0.646341439627729
"chr20",29095595,29096095,501,"*",3.74936094771664,2.87389641637734,4.29030243211776,-0.419447772924689,0.481617646179075,0.663932149046287
"chrX",155026457,155026957,501,"*",4.98063673042382,4.31432199549868,5.43469234145294,-0.436843151810519,0.48267405230145,0.663932149046287
"chr19",40603622,40604122,501,"*",6.49468511238876,6.25623808682323,6.69925497524059,-0.342601242261182,0.484023573371952,0.663932149046287
"chr4",186204208,186204708,501,"*",3.32061767560831,2.48122750228352,3.84780839015258,-0.413744438309506,0.488945319178101,0.663932149046287
"chr12",6943653,6944153,501,"*",6.01826721408654,5.7482537054365,6.24562411903078,-0.363366363347725,0.489351514505105,0.663932149046287
"chr9",322326,322826,501,"*",2.44797208249604,1.28891541824809,3.08228166606481,-0.373032042385539,0.491185305567892,0.663932149046287
"KI270746.1",31848,32348,501,"*",4.52735371753367,4.09620691882024,4.85886175149578,-0.42298542975115,0.492744068804387,0.663932149046287
"chr11",62841430,62841930,501,"*",6.20428006748878,5.77602889753538,6.53407866059265,-0.411022392072717,0.504698453879727,0.676861945156457
"chr1",1349637,1350137,501,"*",2.8549506123462,1.6515409891456,3.50180653731147,-0.340274741542998,0.515392736075467,0.687989373272833
"chr14",75660940,75661440,501,"*",5.60956771916423,5.35185454400515,5.82814720904216,-0.34576738908998,0.518977372375132,0.689567156813254
"chr16",33338692,33339192,501,"*",3.40524062427113,3.90786267563555,2.62733741939533,0.359152154397043,0.53852269310101,0.709753318533131
"chr3",75668837,75669337,501,"*",3.15648516022123,2.38811809789204,3.65516331221018,-0.362015609562685,0.539115761115758,0.709753318533131
"chr21",10474500,10475000,501,"*",3.03874266254001,2.28869343085029,3.52974064303603,-0.346084689856148,0.553516318161185,0.724835284938386
"KI270757.1",66065,66565,501,"*",4.58144161645963,4.23619414885063,4.85981546407946,-0.359118268213565,0.555622866503293,0.724835284938386
"chr16",70778927,70779427,501,"*",7.32241098151182,7.09978699567948,7.51522970843788,-0.304398855536312,0.562564228956285,0.730569835793909
"KI270751.1",106046,106546,501,"*",4.81838031740201,4.38849363548306,5.14914510915867,-0.348746389766952,0.576829067311865,0.745720460894168
"chr13",110965133,110965633,501,"*",5.23546521426283,4.97318852172354,5.45731616806719,-0.319727490965612,0.581034091546789,0.747788270286675
"chr18",3623850,3624350,501,"*",5.45546774660266,5.22287966768021,5.65571255927027,-0.298965512428872,0.586365877400308,0.749134433674706
"chr19",46786025,46786525,501,"*",5.66513223984172,5.41225143757159,5.88022808511108,-0.309210056788473,0.587300514204909,0.749134433674706
"chr1",244835040,244835540,501,"*",5.70602305485481,5.45881575611068,5.91700314161963,-0.305176223000374,0.592488259596343,0.752407657098011
"chr10",98460691,98461191,501,"*",6.54980977996136,6.3883868114618,6.69497498702528,-0.242656520991736,0.613473566097322,0.769599333219427
"chr12",57520416,57520916,501,"*",5.58835064686901,5.87387560677656,5.23201533975902,0.313059162385336,0.61572213396286,0.769599333219427
"chr18",15407507,15408007,501,"*",3.4572933522147,2.87354492506228,3.8717234313636,-0.296205585088261,0.616702281877421,0.769599333219427
"chr10",132448392,132448892,501,"*",3.06521119721171,3.43573711552749,2.56535235628193,0.302843354786884,0.617966438304824,0.769599333219427
"KI270442.1",91917,92417,501,"*",4.58468240213558,4.33938265898402,4.79427239090167,-0.292516450195263,0.619433609664417,0.769599333219427
"KI270538.1",53612,54112,501,"*",3.25719139634379,2.6515409891456,3.6824626546056,-0.283702343401619,0.625632888402032,0.773951030049066
"GL000225.1",60742,61242,501,"*",3.07972312766694,3.5259865654685,2.43020496948511,0.276980213426657,0.629548286548838,0.775452181285478
"chr2",112054778,112055278,501,"*",4.46627943757709,4.03602300816483,4.79726242083765,-0.284498981920296,0.64478825014622,0.790830033298996
"chr5",61408559,61409059,501,"*",6.36495869888486,6.47579423820569,6.24489425183185,0.19539325712246,0.657237508230622,0.797836520816314
"chr1",235011810,235012310,501,"*",5.60295606096737,5.38832206578097,5.78975481546242,-0.254982050317546,0.658960685369533,0.797836520816314
"chr8",19438481,19438981,501,"*",5.22482463338097,5.05125896434247,5.37973366048602,-0.237761476575975,0.661379447718441,0.797836520816314
"chrX",47233253,47233753,501,"*",5.76972450645865,5.62099928478046,5.90454058459419,-0.217854146854011,0.661620529457431,0.797836520816314
"GL000194.1",9889,10389,501,"*",4.66342303094466,4.23611500444699,4.99266365773048,-0.261384692647114,0.667429745641579,0.801474213385495
"KI270736.1",180115,180615,501,"*",3.50438697808106,3.0051779437603,3.87455732769147,-0.249239997838214,0.672106279500739,0.803727092569634
"chr18",109822,110322,501,"*",2.71314600301973,2.28869343085029,3.04069378941368,-0.252245433883849,0.677721966672041,0.806908184530765
"chr2",88600074,88600574,501,"*",6.35159137845273,6.21618700541667,6.47537063210198,-0.199124299103301,0.683853582653598,0.806908184530765
"chr20",30877698,30878198,501,"*",2.73831546087137,3.12533233477771,2.20781254814866,0.234804041701544,0.683951436873625,0.806908184530765
"chr22",11369810,11370310,501,"*",2.10320422089505,2.6515409891456,1.20781254814866,0.187931911329862,0.686012533189919,0.806908184530765
"chr20",51446928,51447428,501,"*",5.91827786213848,5.78525659813897,6.04006286055063,-0.197699793123249,0.692804204008168,0.811570638980996
"KI270442.1",240781,241281,501,"*",2.62156411609015,1.94065912092082,3.08228166606481,-0.195252969928895,0.699599810208975,0.816199778577137
"chr1",36386433,36386933,501,"*",5.32417144707987,5.48148245763923,5.14758396855099,0.209629191705061,0.716827025600258,0.832912373875604
"KI270729.1",23306,23806,501,"*",3.97939849652265,2.94065912092082,4.57704635781438,-0.141166034984974,0.720692987052087,0.833742118296145
"chr20",28623517,28624017,501,"*",3.54786740929161,3.7668488796284,3.28959482697032,0.220503471306642,0.723351175803972,0.833742118296145
"chr8",125514691,125515191,501,"*",7.33687702533826,7.23636501400741,7.43084018361608,-0.1572299249766,0.728534249667611,0.834691565953349
"chr16",177131,177631,501,"*",0,0.0661900030046789,0,0.131106589508548,0.729991578586378,0.834691565953349
"chr1",144103053,144103553,501,"*",1.51795767015352,2.06619000300468,0.622850047427508,0.142977872319917,0.733385721332367,0.835244849295196
"chr11",118359263,118359763,501,"*",5.37990775017112,5.54767039268624,5.19003809416558,0.198233385031778,0.746070976110237,0.838526425900812
"chr21",10334304,10334804,501,"*",3.41981238085854,3.18192124196013,3.62397319961922,-0.200594160142164,0.747367860954689,0.838526425900812
"chr7",112449134,112449634,501,"*",5.47737336409928,5.33943624293076,5.60326547784468,-0.177548972687512,0.748116415433654,0.838526425900812
"chr21",9003187,9003687,501,"*",5.71209007852109,5.84767686872832,5.56242620642065,0.18164786296582,0.750760289844949,0.838526425900812
"chr19",37293353,37293853,501,"*",3.9544047313786,3.61089900464825,4.2316469936466,-0.18925927284703,0.750875579987835,0.838526425900812
"chr19",47256682,47257182,501,"*",6.00864248733883,5.89089952951089,6.11749692634311,-0.161285784405751,0.762948648763303,0.848706442616542
"KI270442.1",76716,77216,501,"*",5.05642316178484,4.85645884914113,5.23201533975902,-0.178788647831623,0.773543629231184,0.857169967526447
"KI270716.1",124841,125341,501,"*",1.84738469079608,2.28897090976089,1.20781254814866,0.124380412708615,0.779429788789024,0.860370574547884
"chr2",241355845,241356345,501,"*",3.24845240364668,2.94092400869022,3.50180653731147,-0.158979601063638,0.787194333298292,0.865612159603869
"chr10",70578477,70578977,501,"*",5.06151523258872,5.20946315113708,4.89664322311584,0.162854518572688,0.790808429146339,0.866267248721372
"chr11",66950034,66950534,501,"*",5.76696138413766,6.08141069333184,5.36430301356154,0.134988877326504,0.795947194407208,0.868581158915851
"chrX",43969835,43970335,501,"*",4.77990620658885,4.65123344681546,4.89803660201808,-0.147095780178916,0.806486142493101,0.87674819278606
"chr3",48769813,48770313,501,"*",5.44880031771554,5.35187778543866,5.53961933436332,-0.129447481287711,0.818999507868193,0.884256386494478
"chr7",105830325,105830825,501,"*",5.8242086657722,5.73887942488296,5.90477163971649,-0.118499215857499,0.822619419792692,0.884256386494478
"chr11",43830898,43831398,501,"*",5.92144190420903,5.80342512004327,6.03053032721914,-0.132752444537911,0.823429290306114,0.884256386494478
"chr7",2641385,2641885,501,"*",5.30081226786993,5.15400324749381,5.43405214222669,-0.135632949182026,0.826932553775017,0.884256386494478
"chr17",19063782,19064282,501,"*",2.32946905837773,2.56880461481105,2.04237491867418,0.116932740612243,0.828797797794476,0.884256386494478
"chr17",58517625,58518125,501,"*",5.53967911135987,5.41219093834818,5.6568104264782,-0.127266519761174,0.83566553757347,0.888281515865133
"chr11",73779502,73780002,501,"*",5.75255132051785,5.45868318214542,5.99657122906105,-0.0961990131180166,0.851616554073614,0.901896498225561
"chr4",49512950,49513450,501,"*",1.62027703752852,1.94065912092082,1.20781254814866,0.0757284877292677,0.859322046949497,0.906431260367355
"chr6",27814850,27815350,501,"*",4.85769562226278,4.94077832643567,4.76953434984009,0.105647805582599,0.862215101325045,0.906431260367355
"chr5",135139436,135139936,501,"*",5.37233524317952,5.3015268032243,5.43983034437907,-0.094963117093333,0.870885735845864,0.908074106914658
"GL000225.1",32562,33062,501,"*",3.39425852951576,3.5259865654685,3.24928311058454,0.0993678130554058,0.871037212652958,0.908074106914658
"chr22",12497959,12498459,501,"*",3.59885076343532,3.69084887444517,3.50058409216156,0.0991846214897878,0.873269872851727,0.908074106914658
"chr1",145280971,145281471,501,"*",4.74087183296361,4.67131815835459,4.80722592376002,-0.0883693827074869,0.882901730086575,0.914565087363554
"chr17",28743284,28743784,501,"*",5.30579714174188,5.23636681248039,5.37203896713988,-0.0823810340111482,0.885885345947972,0.914565087363554
"chr17",43351740,43352240,501,"*",5.6425855622089,5.60043409794044,5.6835403605225,-0.0631650707928801,0.907213482834263,0.933226772664636
"KI270442.1",391022,391522,501,"*",4.12974875619736,4.06641663221242,4.190417217046,-0.0662224711336179,0.912945845886984,0.93443217601852
"chr2",118049514,118050014,501,"*",4.58776990360887,4.50366106635251,4.66724416678596,-0.065662392034501,0.914897008575624,0.93443217601852
"KI270442.1",232907,233407,501,"*",3.50190411622143,3.43553660953713,3.56535235628193,-0.0445771486242411,0.942642351109175,0.959355867972813
"chr10",12775848,12776348,501,"*",2.89603825612086,2.9409063510186,2.84972984073178,0.0304462841466393,0.957835595494461,0.968041504738519
"chr15",60379578,60380078,501,"*",5.94067523154126,5.96529504739186,5.91562796970821,0.0285505637667545,0.957922603992123,0.968041504738519
"chr3",185807661,185808161,501,"*",5.45573483449679,5.43566819473639,5.47552618925925,-0.021351251419481,0.969238489911421,0.976040163524835
"chr21",10402024,10402524,501,"*",3.41071924649319,3.38832530313402,3.43277089087374,-0.0181760047718643,0.976685793130788,0.980100778421455
"chr6",27146910,27147410,501,"*",5.4727233185649,5.47022726792401,5.47521505817012,-0.000590276385756696,0.999196372110232,0.999196372110232
