"seqnames","start","end","width","strand","Conc","Conc_p53sh_MOF","Conc_Scr_MOF","Fold","p.value","FDR","annotation","geneChr","geneStart","geneEnd","geneLength","geneStrand","geneId","transcriptId","distanceToTSS","ENSEMBL","SYMBOL","GENENAME","annotation_category"
"chr1",171339315,171339815,501,"*",11.3015826320948,8.9732538112858,12.1502889806349,-3.14108324696762,4.68962587239662e-80,1.34592262537783e-77,"Promoter (<=1kb)",1,171339299,171339959,661,1,"7151","ENST00000649925.1",16,NA,"TOP1P1","DNA topoisomerase I pseudogene 1","Promoter (<=1 kb)"
"chr20",41113809,41114309,501,"*",8.53439340772823,5.08123647431443,9.46697973554093,-4.04130544232464,3.90320682265329e-14,3.73406786033831e-12,"3' UTR",20,41104102,41124487,20386,1,"7150","ENST00000680945.1",9707,"ENSG00000198900","TOP1","DNA topoisomerase I","3' UTR"
"chr20",41099898,41100398,501,"*",8.33034294543986,4.83887426908927,9.26473672132007,-4.0602077749731,1.50249329273936e-13,1.07803893754049e-11,"3' UTR",20,41104102,41124487,20386,1,"7150","ENST00000680945.1",-3704,"ENSG00000198900","TOP1","DNA topoisomerase I","3' UTR"
"chr1",228166144,228166644,501,"*",4.91055522618479,0,5.91055522618479,-7.09488899622155,2.0450510957933e-07,9.78216107487796e-06,"Promoter (<=1kb)",1,228165804,228182257,16454,1,"200205","ENST00000366711.4",340,"ENSG00000181873","IBA57","iron-sulfur cluster assembly factor IBA57","Promoter (<=1 kb)"
"chr10",69222582,69223082,501,"*",5.21786923787278,2.65134675951202,6.09065024371614,-2.5769822100238,6.21183660588916e-05,0.00162072464171835,"Promoter (2-3kb)",10,69220332,69267552,47221,1,"80201","ENST00000354624.6",2250,"ENSG00000156510","HKDC1","hexokinase domain containing 1","Promoter (2-3 kb)"
"chr1",28510593,28511093,501,"*",5.64808871139031,2.94078274126559,6.53318220928077,-2.64068249308041,7.2462410061835e-05,0.00173305930731222,"Promoter (<=1kb)",1,28510077,28536026,25950,1,"1104","ENST00000419074.5",516,"ENSG00000180198","RCC1","regulator of chromosome condensation 1","Promoter (<=1 kb)"
"chr1",234971054,234971554,501,"*",4.18192124196013,5.18192124196013,0,3.56894039393942,0.000256205802803165,0.00525221895746489,"Promoter (<=1kb)",1,234959666,234970062,10397,2,"101927851","ENST00000451766.2",-992,"ENSG00000238005","LNCATV","lncRNA negative regulator of antiviral signaling","Promoter (<=1 kb)"
"chr11",44569137,44569637,501,"*",6.03689847749432,4.09619899093852,6.83557935751884,-2.07273996331231,0.000402630754801165,0.00699028861842556,"Intron (ENST00000526958.5/3732, intron 1 of 6)",11,44565723,44605125,39403,1,"3732","ENST00000524704.5",3414,"ENSG00000085117","CD82","CD82 molecule","Other intron"
"chr6",26157332,26157832,501,"*",5.72089085344769,3.43552407698744,6.56476760091474,-2.24782815765364,0.000414058907711619,0.00699028861842556,"Promoter (<=1kb)",6,26158122,26158607,486,1,"3017","ENST00000377777.6",-290,"ENSG00000158373","H2BC5","H2B clustered histone 5","Promoter (<=1 kb)"
"chr17",81966760,81967260,501,"*",6.74875828571348,5.13965439581289,7.49050405703195,-1.8500403622204,0.00060038792430931,0.00872422953116942,"Promoter (<=1kb)",17,81967047,81976343,9297,1,"124904087","ENST00000813442.1",0,NA,"LOC124904087","uncharacterized LOC124904087","Promoter (<=1 kb)"
"chr10",90921079,90921579,501,"*",5.24194043967961,3.1818614762108,6.05767742144957,-2.09901439133506,0.000607960246074524,0.00872422953116942,"Promoter (<=1kb)",10,90912096,90921087,8992,2,"27063","ENST00000371697.4",0,"ENSG00000148677","ANKRD1","ankyrin repeat domain 1","Promoter (<=1 kb)"
"chr8",125655637,125656137,501,"*",8.56875010436513,7.81903435319453,9.05960697756655,-1.13057532854025,0.00109208135298102,0.0149251118240739,"Intron (ENST00000816149.1/105375746, intron 2 of 4)",8,125648327,125955592,307266,1,"105375746","ENST00000651999.1",7310,NA,"LINC02964","long intergenic non-protein coding RNA 2964","Other intron"
"chr2",65366536,65367036,501,"*",6.60175839951393,5.43562746726671,7.2381024651692,-1.49149559410169,0.00166942138553738,0.0199634974020511,"Promoter (<=1kb)",2,65312993,65366650,53658,2,"200734","ENST00000443619.6",0,"ENSG00000198369","SPRED2","sprouty related EVH1 domain containing 2","Promoter (<=1 kb)"
"chr14",61695035,61695535,501,"*",6.36687044646834,4.9570875298769,7.06609484591783,-1.64972979924387,0.00192182830286475,0.0220625889168873,"Promoter (<=1kb)",14,61695513,61721824,26312,1,"3091","ENST00000557446.5",0,"ENSG00000100644","HIF1A","hypoxia inducible factor 1 subunit alpha","Promoter (<=1 kb)"
"chr13",110485409,110485909,501,"*",5.39034248907263,3.69094336952266,6.14914510915867,-1.78370555598548,0.00254263576194895,0.0270272764325684,"3' UTR",13,110477948,110484107,6160,1,"1284","ENST00000483683.2",7461,"ENSG00000134871","COL4A2","collagen type IV alpha 2 chain","3' UTR"
"chr2",219279041,219279541,501,"*",6.21328825559987,5.02051164269912,6.857181273014,-1.47566704417919,0.00335214063197894,0.0335452276374014,"Promoter (<=1kb)",2,219279342,219284696,5355,1,"3300","ENST00000425450.5",0,"ENSG00000135924","DNAJB2","DnaJ heat shock protein family (Hsp40) member B2","Promoter (<=1 kb)"
"chr22",46035720,46036220,501,"*",6.08034470384485,4.72937994108867,6.7655853717257,-1.56824918627662,0.00357428970176285,0.0335452276374014,"Promoter (<=1kb)",22,46036104,46041092,4989,1,"124905136","ENST00000794652.1",0,NA,"LOC124905136","uncharacterized LOC124905136","Promoter (<=1 kb)"
"chr9",35111415,35111915,501,"*",6.2834570739371,4.90776330435706,6.97466304903593,-1.58200003802184,0.00363750416900473,0.0335452276374014,"Promoter (<=1kb)",9,35104121,35111588,7468,2,"80256","ENST00000603301.5",0,"ENSG00000005238","ATOSB","atos homolog B","Promoter (<=1 kb)"
"chr2",111705755,111706255,501,"*",6.80912910163785,5.97329212031461,7.33493949708163,-1.18618038914117,0.00374023444040713,0.0335452276374014,"Exon (ENST00000846965.1/ENST00000846965.1, exon 1 of 1)",2,111429324,111699033,269710,2,"541471","ENST00000644013.1",-6722,"ENSG00000172965","MIR4435-2HG","MIR4435-2 host gene","Other exon"
"chr21",7945318,7945818,501,"*",3.01858768558148,0,4.01858768558148,-2.22972398872206,0.0040529616829363,0.0352484849394763,"Distal Intergenic",21,7816677,7829632,12956,2,"102723475","ENST00000618699.3",-115686,"ENSG00000276289","LOC102723475","potassium voltage-gated channel subfamily E regulatory subunit 1B","Distal intergenic"
"chr17",76737281,76737781,501,"*",5.0734789786651,3.43559927065263,5.82079902179179,-1.68455965703978,0.00505159947549326,0.0426414426313696,"Promoter (<=1kb)",17,76734115,76737331,3217,2,"6427","ENST00000358156.7",0,"ENSG00000161547","SRSF2","serine and arginine rich splicing factor 2","Promoter (<=1 kb)"
"chr1",1289851,1290351,501,"*",3.019441473996,0,4.019441473996,-1.81845480385081,0.00924231180065871,0.0716903645078122,"Promoter (2-3kb)",1,1287109,1290943,3835,1,"6339","ENST00000379099.3",2742,"ENSG00000162572","SCNN1D","sodium channel epithelial 1 subunit delta","Promoter (2-3 kb)"
"chr2",236078287,236078787,501,"*",5.16618154355774,3.80334014078894,5.8543030214501,-1.48559194339852,0.00952520621577677,0.0719403732612614,"Intron (ENST00000304032.13/116987, intron 16 of 17)",2,236045937,236125482,79546,1,"116987","ENST00000453371.2",32350,"ENSG00000157985","AGAP1","ArfGAP with GTPase domain, ankyrin repeat and PH domain 1","Other intron"
"chr16",75305371,75305871,501,"*",5.167703084541,2.8735634267403,6.01257908601476,-1.74336808056362,0.0106787812234429,0.0785848772084133,"Promoter (<=1kb)",16,75293908,75305438,11531,2,"10428","ENST00000562602.1",0,"ENSG00000153774","CFDP1","craniofacial development protein 1","Promoter (<=1 kb)"
"chr15",89087786,89088286,501,"*",7.91499520637439,7.18881434783685,8.39577520955416,-1.04636105127462,0.0110487497689069,0.0792747795919073,"Promoter (<=1kb)",15,89087248,89088149,902,2,"124903573","ENST00000762231.1",0,NA,"LOC124903573","uncharacterized LOC124903573","Promoter (<=1 kb)"
"chr16",87407478,87407978,501,"*",5.50940268546352,4.06635188464284,6.2162304894197,-1.48608509549241,0.012580103763507,0.0852636376612188,"3' UTR",16,87415312,87417926,2615,2,"23174","ENST00000565193.1",9948,"ENSG00000140948","ZCCHC14","zinc finger CCHC-type containing 14","3' UTR"
"chr20",50165954,50166454,501,"*",6.75354772960709,5.94907010675877,7.26696837405871,-1.1075477741699,0.0130127280687841,0.0852636376612188,"Promoter (<=1kb)",20,50154414,50166089,11676,2,"101927512","ENST00000768754.1",0,"ENSG00000237595","LINC01275","long intergenic non-protein coding RNA 1275","Promoter (<=1 kb)"
"chr19",3655703,3656203,501,"*",6.52976552330677,5.69092762077289,7.05674200522658,-1.13848700715635,0.0130790930776427,0.0852636376612188,"Intron (ENST00000679885.1/23396, intron 6 of 18)",19,3644089,3649429,5341,2,"23396","ENST00000592530.1",-6274,"ENSG00000186111","PIP5K1C","phosphatidylinositol-4-phosphate 5-kinase type 1 gamma","Other intron"
"chr17",77140531,77141031,501,"*",5.43474785268994,4.0050850545893,6.13854168808557,-1.47446546064436,0.0133624432462314,0.0852636376612188,"Promoter (<=1kb)",17,77140736,77143642,2907,1,"6397","ENST00000588880.5",0,"ENSG00000129657","SEC14L1","SEC14 like lipid binding 1","Promoter (<=1 kb)"
"chr2",10497780,10498280,501,"*",6.87598677294969,6.0205429733249,7.40935547503148,-1.14664380765968,0.0134041942307235,0.0852636376612188,"Exon (ENST00000824336.1/ENST00000824336.1, exon 3 of 3)",2,10453798,10457693,3896,1,"101929715","ENST00000670859.1",43982,NA,"ODC1-DT","ODC1 divergent transcript","Other exon"
"chr2",121809615,121810115,501,"*",6.61542469744034,5.89079212718577,7.09553349669426,-1.03660178600289,0.0136659488934358,0.0852636376612188,"Exon (ENST00000661690.1/101927801, exon 5 of 5)",2,121803723,121809962,6240,1,"101927801","ENST00000803225.1",5892,"ENSG00000224655","LINC01823","long intergenic non-protein coding RNA 1823","Other exon"
"chr12",95103104,95103604,501,"*",5.42243665084422,3.72920613820681,6.18011390747229,-1.55382179207163,0.0142649960250203,0.0852927887329337,"Intron (ENST00000343958.9/55785, intron 14 of 20)",12,95081170,95091787,10618,2,"55785","ENST00000548069.5",-11317,"ENSG00000180263","FGD6","FYVE, RhoGEF and PH domain containing 6","Other intron"
"chr1",39398612,39399112,501,"*",6.83451513382803,6.13250920492605,7.30469596539784,-1.00950507526738,0.0159343025928562,0.0933294866153007,"Intron (ENST00000361689.7/23499, intron 53 of 93)",1,39409503,39428092,18590,1,"23499","ENST00000530275.3",-10391,"ENSG00000127603","MACF1","microtubule actin crosslinking factor 1","Other intron"
"chr18",20920994,20921494,501,"*",5.05046300936521,3.65126042683618,5.74722370122467,-1.41557067451049,0.0189592338995477,0.104982625827305,"Distal Intergenic",18,20953290,20954870,1581,2,"6093","ENST00000578051.1",33376,"ENSG00000067900","ROCK1","Rho associated coiled-coil containing protein kinase 1","Distal intergenic"
"chr10",132096168,132096668,501,"*",4.46955910412749,2.38814400017482,5.28817857463665,-1.54453397802778,0.0216403111252051,0.117088692692695,"Intron (ENST00000668452.1/282973, intron 1 of 23)",10,132104672,132107558,2887,1,"282973","ENST00000669241.1",-8004,"ENSG00000188385","JAKMIP3","Janus kinase and microtubule interacting protein 3","Other intron"
"chrX",37871891,37872391,501,"*",5.0640689672126,3.69078587428815,5.7546989857611,-1.38251707909055,0.0220306251059425,0.117088692692695,"Intron (ENST00000465127.1/7102, intron 3 of 8)",23,37888698,37896849,8152,1,"94122","ENST00000752476.1",-16307,"ENSG00000147041","SYTL5","synaptotagmin like 5","Other intron"
"chr6",26103610,26104110,501,"*",5.92684931446476,4.9243362288539,6.51264853852121,-1.2059487845204,0.0230359454719324,0.118164742400503,"Promoter (<=1kb)",6,26103933,26104337,405,1,"8364","ENST00000377803.4",0,"ENSG00000197061","H4C3","H4 clustered histone 3","Promoter (<=1 kb)"
"chr2",203014390,203014890,501,"*",6.5570286339704,5.67125962118349,7.10181176165414,-1.13235598867814,0.0230565351025372,0.118164742400503,"Promoter (<=1kb)",2,202899557,203014798,115242,2,"55759","ENST00000477723.1",0,"ENSG00000138442","WDR12","WD repeat domain 12","Promoter (<=1 kb)"
"chr19",17305300,17305800,501,"*",8.90253526013336,8.34097808035082,9.30572614939954,-0.855333461915743,0.0238880300110632,0.118452397515726,"Promoter (<=1kb)",19,17305872,17306782,911,1,"64981","ENST00000602206.1",-72,"ENSG00000130312","MRPL34","mitochondrial ribosomal protein L34","Promoter (<=1 kb)"
"chr6",27139223,27139723,501,"*",5.52117918210205,4.31440377900468,6.16896718769275,-1.30579133255561,0.0243145367596164,0.118452397515726,"Promoter (<=1kb)",6,27139282,27139678,397,1,"8294","ENST00000615353.2",0,"ENSG00000276180","H4C9","H4 clustered histone 9","Promoter (<=1 kb)"
"chr7",44039021,44039521,501,"*",6.20092478148752,5.26269670864966,6.76469456767629,-1.16500520528705,0.0243508413011423,0.118452397515726,"Promoter (<=1kb)",7,44039049,44044370,5322,1,"255031","ENST00000737544.1",0,"ENSG00000235314","LINC00957","long intergenic non-protein coding RNA 957","Promoter (<=1 kb)"
"chr15",17008965,17009465,501,"*",3.65256970217554,0.803155597170885,4.54883959646779,-1.52813299162328,0.0262672425757524,0.125644976987349,"Distal Intergenic",15,20012741,20014208,1468,1,"105379202","ENST00000611556.1",-3003276,NA,"FAM30B","family with sequence similarity 30 member B","Distal intergenic"
"chr17",26937356,26937856,501,"*",3.59168231617231,0.803155597170885,4.48330855982427,-1.51124792507051,0.0275955924777362,0.129835000673939,"Distal Intergenic",17,26997724,26999949,2226,2,"124903955","ENST00000580280.2",62093,NA,"LOC124903955","uncharacterized LOC124903955","Distal intergenic"
"chrX",150200864,150201364,501,"*",5.91614310178642,5.12528183269337,6.4240656507694,-1.04565213520528,0.0307573333436777,0.139024972836872,"Intron (ENST00000449111.5/100272228, intron 11 of 14)",23,150228004,150228083,80,1,"100313839","ENST00000516645.3",-26640,"ENSG00000252454","MIR2114","microRNA 2114","Other intron"
"chr20",35305618,35306118,501,"*",6.55447947297838,5.54741817290748,7.14178808084561,-1.1788888312449,0.0310020845350517,0.139024972836872,"Promoter (<=1kb)",20,35303454,35307055,3602,2,"55245","ENST00000496812.5",937,"ENSG00000101019","UQCC1","ubiquinol-cytochrome c reductase complex assembly factor 1","Promoter (<=1 kb)"
"chr1",42963436,42963936,501,"*",5.67367148172152,4.67116914997432,6.25946712945251,-1.17195587922808,0.0326451508579261,0.143519179950568,"Intron (ENST00000755359.1/440584, intron 1 of 3)",1,42959519,42983357,23839,1,"440584","ENST00000755358.1",3917,"ENSG00000227533","SLC2A1-DT","SLC2A1 divergent transcript","Other intron"
"chr15",79178967,79179467,501,"*",6.62784722274991,5.69086987388616,7.19117516405091,-1.13090113125685,0.0336590437922329,0.143519179950568,"Intron (ENST00000685737.2/729911, intron 1 of 1)",15,79143284,79158228,14945,2,"107984750","ENST00000773180.1",-20739,NA,"LOC107984750","uncharacterized LOC107984750","Other intron"
"chr7",44606219,44606719,501,"*",6.70634569585863,6.10350217134705,7.13024128019168,-0.884506537419493,0.0338785256341978,0.143519179950568,"Promoter (<=1kb)",7,44606572,44708230,101659,1,"4967","ENST00000439616.6",0,"ENSG00000105953","OGDH","oxoglutarate dehydrogenase","Promoter (<=1 kb)"
"chr12",50247140,50247640,501,"*",7.44482571253529,6.49817979676735,8.01155584395539,-1.13648256575718,0.0340045443785317,0.143519179950568,"Promoter (2-3kb)",12,50222318,50249893,27576,2,"51474","ENST00000550592.1",2253,"ENSG00000050405","LIMA1","LIM domain and actin binding 1","Promoter (2-3 kb)"
"chr1",42967011,42967511,501,"*",6.50677440036014,5.88232073342696,6.94115936913742,-0.90130988262378,0.035448438958105,0.146999074077904,"Intron (ENST00000755359.1/440584, intron 2 of 3)",1,42959519,42983357,23839,1,"440584","ENST00000755358.1",7492,"ENSG00000227533","SLC2A1-DT","SLC2A1 divergent transcript","Other intron"
"chr11",65919116,65919616,501,"*",5.16865118374152,4.03594035003551,5.79526975625316,-1.21990070259464,0.0358534327019278,0.146999074077904,"Promoter (<=1kb)",11,65919274,65921401,2128,1,"10589","ENST00000525501.5",0,"ENSG00000175550","DRAP1","DR1 associated protein 1","Promoter (<=1 kb)"
"chr1",154431454,154431954,501,"*",6.3321654295688,5.30155086972494,6.92719009855857,-1.16524615061532,0.0381662334565436,0.154277591577859,"Promoter (2-3kb)",1,154429343,154449979,20637,1,"3570","ENST00000476006.5",2111,"ENSG00000160712","IL6R","interleukin 6 receptor","Promoter (2-3 kb)"
"chr20",58307010,58307510,501,"*",4.65521525415013,3.43557420653302,5.30654066451874,-1.23566037990762,0.0402887428069528,0.158395468295828,"Promoter (1-2kb)",20,58228934,58309416,80483,2,"55370","ENST00000780236.1",1906,NA,"PPP4R1L","protein phosphatase 4 regulatory subunit 1 like (pseudogene)","Promoter (1-2 kb)"
"chr20",57212397,57212897,501,"*",5.85447797164215,4.8738316744114,6.43293110953415,-1.13087909606207,0.0417967214740519,0.159942120840705,"Promoter (<=1kb)",20,57213709,57215005,1297,1,"102723590","ENST00000718807.1",-812,NA,"BMP7-AS1","BMP7 antisense RNA 1","Promoter (<=1 kb)"
"chr21",7963011,7963511,501,"*",4.82096451157054,3.52575112840562,5.49227972258506,-1.24326609876203,0.0432543476993676,0.163342076180507,"Distal Intergenic",21,7816677,7829632,12956,2,"102723475","ENST00000618699.3",-133379,"ENSG00000276289","LOC102723475","potassium voltage-gated channel subfamily E regulatory subunit 1B","Distal intergenic"
"chr5",177516934,177517434,501,"*",6.34999505170586,5.4120412714735,6.91366798255801,-1.10068537830418,0.045289756809958,0.168001492766102,"Promoter (<=1kb)",5,177511577,177516945,5369,2,"51428","ENST00000507955.6",0,"ENSG00000183258","DDX41","DEAD-box helicase 41","Promoter (<=1 kb)"
"chr2",91502177,91502677,501,"*",3.92374668965087,2.28877668012731,4.67050909360387,-1.28484924902325,0.048500183957726,0.173994409948342,"Distal Intergenic",2,91654694,91657280,2587,2,"654342","ENST00000745951.1",154603,"ENSG00000291150","LSP1P4","LSP1 pseudogene 4","Distal intergenic"
"chr3",4983873,4984373,501,"*",5.60021010793022,6.27597586260735,4.28746992676803,1.21895069859952,0.0501319112262779,0.177627882986935,"3' UTR",3,4896969,4980414,83446,2,"100507582","ENST00000668962.1",-3459,"ENSG00000235831","BHLHE40-AS1","BHLHE40 antisense RNA 1","3' UTR"
"chr6",26204318,26204818,501,"*",5.88644101487588,5.13965054947389,6.37605810503166,-0.965690552000326,0.0549757295602799,0.188103281702841,"Promoter (<=1kb)",6,26204610,26205021,412,1,"8367","ENST00000615164.3",0,"ENSG00000276966","H4C5","H4 clustered histone 5","Promoter (<=1 kb)"
"chr22",12599951,12600451,501,"*",2.75985625461429,0,3.6835403605225,-1.2195751414545,0.0558316069536055,0.188103281702841,"Distal Intergenic",22,12800736,12813586,12851,2,"105379428","ENST00000790069.1",213135,"ENSG00000278932","LOC105379428","uncharacterized LOC105379428","Distal intergenic"
"chr6",26285357,26285857,501,"*",6.29505304106543,5.66136969610334,6.73384753706357,-0.881482197752343,0.0563654432977153,0.188103281702841,"Promoter (<=1kb)",6,26285479,26301455,15977,1,"124901287","ENST00000771595.1",0,NA,"LOC124901287","uncharacterized LOC124901287","Promoter (<=1 kb)"
"chr1",212596287,212596787,501,"*",5.44480878665827,4.33929558082565,6.06329449106139,-1.12756174413636,0.059812813816645,0.19731353523422,"Intron (ENST00000366981.8/467, intron 1 of 3)",1,212608670,212619247,10578,1,"467","ENST00000465155.5",-11883,"ENSG00000162772","ATF3","activating transcription factor 3","Other intron"
"chr6",26122800,26123300,501,"*",6.41408532227877,5.85645884914113,6.81525808677365,-0.804550346989642,0.0668763462593384,0.206971409953827,"Promoter (<=1kb)",6,26086317,26123904,37588,2,"108783645","ENST00000707188.1",604,NA,"HFE-AS1","HFE antisense RNA 1","Promoter (<=1 kb)"
"chr16",88333338,88333838,501,"*",4.3852015264983,3.06649756258826,5.06246627178238,-1.1569700464128,0.0674702066750626,0.206971409953827,"Distal Intergenic",16,88382959,88440753,57795,1,"84627","ENST00000565624.3",-49121,"ENSG00000225614","ZNF469","zinc finger protein 469","Distal intergenic"
"chr14",68685608,68686108,501,"*",7.92963393261733,7.47010568010659,8.27761245248793,-0.709184731244472,0.067982651727431,0.206971409953827,"Promoter (<=1kb)",14,68683411,68685565,2155,2,"124903333","ENST00000556919.1",-43,NA,"RAD51B-AS1","RAD51B antisense RNA 1","Promoter (<=1 kb)"
"chr9",90857046,90857546,501,"*",5.67289213710916,4.76672436184743,6.22517022656078,-1.03014279949861,0.0685097001589322,0.206971409953827,"Intron (ENST00000375751.8/6850, intron 3 of 12)",9,90827488,90898549,71062,1,"6850","ENST00000375746.1",29558,"ENSG00000165025","SYK","spleen associated tyrosine kinase","Other intron"
"chr22",10717204,10717704,501,"*",3.75403797794417,2.28877668012731,4.46582365216354,-1.1677615124683,0.070605747715671,0.209949080671471,"Distal Intergenic",22,10742050,10753085,11036,1,"105379418","ENST00000779064.1",-24346,"ENSG00000301473","LOC105379418","uncharacterized LOC105379418","Distal intergenic"
"chr21",7966776,7967276,501,"*",4.79251506434345,3.7292674827913,5.39795857608042,-1.07670020979708,0.0735561931382077,0.213238660915814,"Distal Intergenic",21,7816677,7829632,12956,2,"102723475","ENST00000618699.3",-137144,"ENSG00000276289","LOC102723475","potassium voltage-gated channel subfamily E regulatory subunit 1B","Distal intergenic"
"chr8",125680067,125680567,501,"*",7.68970235541347,7.12168665393106,8.09619121532475,-0.806706156858705,0.0747785820636038,0.213592596127345,"Intron (ENST00000816149.1/105375746, intron 3 of 4)",8,125648327,125955592,307266,1,"105375746","ENST00000651999.1",31740,NA,"LINC02964","long intergenic non-protein coding RNA 2964","Other intron"
"chr5",177470654,177471154,501,"*",5.98145438432376,5.33936926268637,6.42422683905967,-0.857804584226331,0.0811607133843141,0.221839283250459,"Promoter (1-2kb)",5,177467490,177472870,5381,2,"1627","ENST00000506117.5",1716,"ENSG00000113758","DBN1","drebrin 1","Promoter (1-2 kb)"
"chr11",48013525,48014025,501,"*",6.34899243996426,5.71987666516913,6.78560996556969,-0.842720956662855,0.0858246108826464,0.228070956697403,"Intron (ENST00000698881.1/5795, intron 1 of 24)",11,48044804,48121147,76344,1,"5795","ENST00000526550.1",-30779,"ENSG00000149177","PTPRJ","protein tyrosine phosphatase receptor type J","Other intron"
"chr7",27134267,27134767,501,"*",5.38591241536206,4.56895315394135,5.90430949246129,-0.953223521086229,0.0877751719336217,0.230022613352282,"Exon (ENST00000521159.5/285943, exon 4 of 4)",7,27128507,27130780,2274,2,"3201","ENST00000610970.1",-3487,"ENSG00000197576","HOXA4","homeobox A4","Other exon"
"chr10",35409087,35409587,501,"*",5.43939708000494,4.52570992296911,5.99440166286527,-0.9922137011565,0.0887281972592512,0.230022613352282,"Intron (ENST00000490012.6/219771, intron 6 of 9)",10,35434111,35501661,67551,1,"219771","ENST00000470025.1",-24524,"ENSG00000108100","CCNY","cyclin Y","Other intron"
"chr6",27807884,27808384,501,"*",5.03796417014891,4.09619899093852,5.60298071318988,-1.0006303103236,0.0889634497634263,0.230022613352282,"Promoter (<=1kb)",6,27808173,27808667,495,1,"8329","ENST00000358739.5",0,"ENSG00000196747","H2AC13","H2A clustered histone 13","Promoter (<=1 kb)"
"chr8",125706300,125706800,501,"*",6.80723495129147,6.03588041993024,7.30715260929313,-0.921034300740227,0.0938126775194771,0.236177530246403,"Intron (ENST00000816149.1/105375746, intron 3 of 4)",8,125749045,125750261,1217,2,"105375747","ENST00000816249.1",43461,"ENSG00000253470","LOC105375747","uncharacterized LOC105375747","Other intron"
"chr22",10738964,10739464,501,"*",4.58892828275096,3.56893030276287,5.18049564695382,-1.00301820618374,0.0990634691629781,0.247227962171954,"Promoter (2-3kb)",22,10742050,10753085,11036,1,"105379418","ENST00000779064.1",-2586,"ENSG00000301473","LOC105379418","uncharacterized LOC105379418","Promoter (2-3 kb)"
"chr1",151311467,151311967,501,"*",5.78336215240729,5.15388899491909,6.22015037912175,-0.827478014164407,0.102265231095472,0.250536207832129,"Intron (ENST00000368874.8/5298, intron 2 of 10)",1,151303354,151306433,3080,2,"5298","ENST00000460323.1",-5034,"ENSG00000143393","PI4KB","phosphatidylinositol 4-kinase beta","Other intron"
"chr16",28211810,28212310,501,"*",5.94357381974507,4.98934233035234,6.51295170139008,-0.977924233924726,0.102456907496347,0.250536207832129,"Promoter (<=1kb)",16,28097976,28211965,113990,2,"23214","ENST00000304658.10",0,"ENSG00000169180","XPO6","exportin 6","Promoter (<=1 kb)"
"chr18",11857360,11857860,501,"*",6.78132538742758,6.18184093116263,7.20356941384872,-0.803523728321793,0.103007918202757,0.250536207832129,"Promoter (<=1kb)",18,11857440,11881172,23733,1,"2774","ENST00000602628.1",0,"ENSG00000141404","GNAL","G protein subunit alpha L","Promoter (<=1 kb)"
"chr1",236097088,236097588,501,"*",3.18683661795998,0.803155597170885,4.0415345989151,-1.01549801294041,0.106836180472276,0.257663729374312,"Exon (ENST00000720430.1/ENST00000720430.1, exon 1 of 3)",1,235975830,236065109,89280,2,"4811","ENST00000366595.7",-31979,"ENSG00000116962","NID1","nidogen 1","Other exon"
"chr9",6080322,6080822,501,"*",6.76588286199735,6.1609634454121,7.19079624032367,-0.801446844705398,0.109732466054285,0.262443481313166,"Distal Intergenic",9,6013866,6015625,1760,2,"26953","ENST00000623170.1",-64697,"ENSG00000137040","RANBP6","RAN binding protein 6","Distal intergenic"
"chr6",27132602,27133102,501,"*",5.86723010561742,5.22282520573707,6.3110949014184,-0.8229101189292,0.117772874820217,0.278803376688225,"Promoter (<=1kb)",6,27133043,27133535,493,1,"8969","ENST00000359193.4",0,"ENSG00000196787","H2AC11","H2A clustered histone 11","Promoter (<=1 kb)"
"chr8",128176724,128177224,501,"*",7.76798279257622,7.08515845266235,8.22956944441309,-0.841596828644134,0.118515721100918,0.278803376688225,"Intron (ENST00000651587.1/5820, intron 10 of 10)",8,128150116,128150188,73,1,"100302281","ENST00000408334.1",26608,"ENSG00000221261","MIR1208","microRNA 1208","Other intron"
"chr2",113240780,113241280,501,"*",6.06236719925854,5.48146424803652,6.47537063210198,-0.770886235355239,0.124880219185784,0.287001092874896,"Promoter (<=1kb)",2,113218522,113241779,23258,2,"7849","ENST00000497038.6",499,"ENSG00000125618","PAX8","paired box 8","Promoter (<=1 kb)"
"chrX",154378786,154379286,501,"*",5.50726889208405,4.45870476478393,6.10806282344029,-0.953875970719465,0.125578075600308,0.287001092874896,"Promoter (<=1kb)",23,154379273,154381291,2019,1,"2010","ENST00000369835.3",0,"ENSG00000102119","EMD","emerin","Promoter (<=1 kb)"
"chr13",45341082,45341582,501,"*",6.46483558348524,5.92444116286501,6.85706187559815,-0.743777701443269,0.126000479798735,0.287001092874896,"Promoter (<=1kb)",13,45341345,45393413,52069,1,"100190939","ENST00000517509.5",0,NA,"TPT1-AS1","TPT1 antisense RNA 1","Promoter (<=1 kb)"
"chr10",68153531,68154031,501,"*",5.58011211091397,4.87369293184318,6.05224699815292,-0.831328708040213,0.135700367030682,0.306661459352802,"Intron (ENST00000685154.1/84665, intron 6 of 6)",10,68158117,68166423,8307,1,"84665","ENST00000689002.1",-4086,"ENSG00000138347","MYPN","myopalladin","Other intron"
"chr5",136058350,136058850,501,"*",7.07258996791407,6.63625281657761,7.40714852738251,-0.64296261406063,0.143600287465185,0.315797598335906,"Promoter (<=1kb)",5,136058767,136061536,2770,1,"7045","ENST00000513497.1",0,"ENSG00000120708","TGFBI","transforming growth factor beta induced","Promoter (<=1 kb)"
"chr6",134035735,134036235,501,"*",5.19632776129482,4.50373876826449,5.66231007325948,-0.81693463460469,0.144144548369351,0.315797598335906,"Intron (ENST00000275230.6/154091, intron 1 of 4)",6,133987581,134052624,65044,2,"154091","ENST00000275230.6",16389,"ENSG00000146411","SLC2A12","solute carrier family 2 member 12","Other intron"
"chr19",36182474,36182974,501,"*",6.18861642524656,5.32677498809683,6.72442078455778,-0.876124040079028,0.145522846410974,0.316401946363254,"Exon (ENST00000304116.10/147929, exon 5 of 5)",19,36150922,36152449,1528,2,"1346","ENST00000481297.1",-30025,"ENSG00000161281","COX7A1","cytochrome c oxidase subunit 7A1","Other exon"
"chr1",2133245,2133745,501,"*",6.28486272654583,6.78985086009189,5.50119544421399,0.846393861553077,0.152558068877041,0.329204253892562,"Promoter (<=1kb)",1,2133638,2148924,15287,1,"5590","ENST00000471018.6",0,"ENSG00000067606","PRKCZ","protein kinase C zeta","Promoter (<=1 kb)"
"chr5",181088293,181088793,501,"*",3.44294562573519,1.28897090976089,4.2710143820211,-0.854980793271455,0.160859264106286,0.33946035881253,"Distal Intergenic",5,181054061,181059312,5252,1,"153579","ENST00000512570.1",34232,"ENSG00000165810","BTNL9","butyrophilin like 9","Distal intergenic"
"chr16",89994802,89995302,501,"*",5.27462366738212,4.56890173828077,5.74645040636848,-0.802350791187879,0.164045688872231,0.343657756980514,"Promoter (1-2kb)",16,89996730,90000786,4057,1,"172","ENST00000795373.1",-1428,"ENSG00000293510","AFG3L1P","AFG3 like matrix AAA peptidase subunit 1, pseudogene","Promoter (1-2 kb)"
"chr21",7917086,7917586,501,"*",5.18613430186612,4.06620619198592,5.80895527309632,-0.879262956031033,0.167539171878865,0.345964110901848,"Distal Intergenic",21,7816677,7829632,12956,2,"102723475","ENST00000618699.3",-87454,"ENSG00000276289","LOC102723475","potassium voltage-gated channel subfamily E regulatory subunit 1B","Distal intergenic"
"chr5",41903986,41904486,501,"*",5.30159619673229,4.71023785866048,5.71982101312094,-0.738857374730678,0.170161091378117,0.34883023732514,"Promoter (<=1kb)",5,41904188,41911179,6992,1,"285636","ENST00000505931.6",0,"ENSG00000205765","RIMOC1","RAB7A interacting MON1-CCZ1 complex subunit 1","Promoter (<=1 kb)"
"chr8",123516799,123517299,501,"*",5.75427685826556,5.08134461273285,6.21136620127472,-0.772155294387823,0.174431221815227,0.355047947950142,"Intron (ENST00000517956.5/114907, intron 4 of 8)",8,123503106,123506625,3520,2,"114907","ENST00000524000.5",-10174,"ENSG00000156804","FBXO32","F-box protein 32","Other intron"
"chr10",102661097,102661597,501,"*",6.46670617537334,6.05126100902719,6.78887881521855,-0.605539065535369,0.181196809666762,0.364498795306973,"3' UTR",10,102655163,102656868,1706,1,"81603","ENST00000642304.1",5934,"ENSG00000171206","TRIM8","tripartite motif containing 8","3' UTR"
"chr20",62794165,62794665,501,"*",5.92237076496533,3.38811809789204,6.79214027506836,-0.762274079255667,0.181614382330652,0.364498795306973,"Promoter (<=1kb)",20,62783258,62794208,10951,2,"105372716","ENST00000807054.1",0,"ENSG00000304909","LOC105372716","uncharacterized LOC105372716","Promoter (<=1 kb)"
"chr22",42964912,42965412,501,"*",6.36239009402468,5.9892163982684,6.65860411390258,-0.564799924331329,0.191131637708664,0.377241809806495,"Intron (ENST00000263246.8/11252, intron 1 of 10)",22,42893574,42959899,66326,2,"11252","ENST00000453079.1",-5013,"ENSG00000100266","PACSIN2","protein kinase C and casein kinase substrate in neurons 2","Other intron"
"chr17",19111803,19112303,501,"*",3.20229222350901,1.80346639387508,3.89896477420933,-0.831409995378424,0.19166086345829,0.377241809806495,"Promoter (<=1kb)",17,19112419,19112636,218,2,"780854","ENST00000619178.1",333,"ENSG00000281000","SNORD3D","small nucleolar RNA, C/D box 3D","Promoter (<=1 kb)"
"chr20",28639145,28639645,501,"*",4.50203633733214,3.69079637450537,5.01816060182212,-0.787699816235857,0.197635375040612,0.385859541745958,"Distal Intergenic",20,28580633,28603092,22460,2,"100289097","ENST00000842646.1",-36053,"ENSG00000282826","FRG1CP","FSHD region gene 1 family member C, pseudogene","Distal intergenic"
"chr5",131635268,131635768,501,"*",5.67654811431913,5.16795434437291,6.05182976470994,-0.665077422264985,0.200538204706801,0.388881518586838,"Promoter (<=1kb)",5,131463615,131635231,171617,2,"51735","ENST00000510071.5",-37,"ENSG00000158987","RAPGEF6","Rap guanine nucleotide exchange factor 6","Promoter (<=1 kb)"
"chr9",34458478,34458978,501,"*",5.2053894505245,3.97346908403296,5.86005379374789,-0.799980853779002,0.209463921881293,0.401065467592705,"Promoter (<=1kb)",9,34398184,34458552,60369,2,"203259","ENST00000379080.5",0,"ENSG00000164970","FAM219A","family with sequence similarity 219 member A","Promoter (<=1 kb)"
"chr6",3808827,3809327,501,"*",6.15948761559409,5.51496485887836,6.60340783909688,-0.725285640799683,0.209616098044968,0.401065467592705,"Distal Intergenic",6,3787667,3789351,1685,2,"124901244","ENST00000779620.1",-19476,NA,"LOC124901244","uncharacterized LOC124901244","Distal intergenic"
"chr1",160046420,160046920,501,"*",6.02074715615112,5.61071864942715,6.33966148648225,-0.584729141179791,0.217593806122011,0.41357233349018,"Intron (ENST00000639408.2/124904436, intron 1 of 3)",1,159999296,160042504,43209,2,"124904436","ENST00000509700.2",-3916,NA,"LOC124904436","uncharacterized LOC124904436","Other intron"
"chr14",23320939,23321439,501,"*",5.19562061773494,4.50389415953475,5.66121638480917,-0.718540062632181,0.232517844820696,0.439030404365393,"Promoter (<=1kb)",14,23321457,23326163,4707,1,"8106","ENST00000216727.9",-18,"ENSG00000100836","PABPN1","poly(A) binding protein nuclear 1","Promoter (<=1 kb)"
"chr15",17025499,17025999,501,"*",2.99823375478977,1.65141150562871,3.6824626546056,-0.734465846834914,0.240688884849579,0.451488300338752,"Distal Intergenic",15,20012741,20014208,1468,1,"105379202","ENST00000611556.1",-2986742,NA,"FAM30B","family with sequence similarity 30 member B","Distal intergenic"
"chr21",9015324,9015824,501,"*",5.66900441768139,5.08143672425196,6.08534275128175,-0.668573455242959,0.246177288418139,0.455825043716166,"Intron (ENST00000716361.1/100132288, intron 3 of 4)",21,8986999,8987178,180,1,"103504731","ENST00000581792.1",28325,"ENSG00000264462","MIR3648-2","microRNA 3648-2","Other intron"
"chr19",10748995,10749495,501,"*",5.74780538382455,5.16801091755271,6.16025190689209,-0.651832494563912,0.261192550681746,0.474742220596798,"Intron (ENST00000682524.1/1785, intron 1 of 7)",19,10763099,10772507,9409,1,"1785","ENST00000591266.1",-13604,"ENSG00000079805","DNM2","dynamin 2","Other intron"
"chr9",86106827,86107327,501,"*",3.2355904097326,1.65115250372583,3.97245106206159,-0.675524410156005,0.262140706069231,0.474742220596798,"Distal Intergenic",9,86046470,86100173,53704,2,"51280","ENST00000472919.1",-6654,"ENSG00000135052","GOLM1","golgi membrane protein 1","Distal intergenic"
"chr5",37668479,37668979,501,"*",6.12435839563933,5.73886672983966,6.42826411683735,-0.544806624329965,0.264090636328708,0.474742220596798,"Intron (ENST00000504564.1/55100, intron 10 of 11)",5,37722643,37752672,30030,1,"55100","ENST00000507136.5",-53664,"ENSG00000082068","WDR70","WD repeat domain 70","Other intron"
"chr20",30851228,30851728,501,"*",2.96385713988034,0.803155597170885,3.79277504886982,-0.612222687776286,0.264664652597518,0.474742220596798,"Distal Intergenic",20,30689749,30741619,51871,2,"102723552","ENST00000741948.1",-109609,NA,"ANKRD20A21P","ankyrin repeat domain 20 family member A21, pseudogene","Distal intergenic"
"chr21",7953700,7954200,501,"*",3.9844371739903,2.80315559717089,4.62509547810611,-0.67654793894534,0.27988259972363,0.498921156029079,"Distal Intergenic",21,7816677,7829632,12956,2,"102723475","ENST00000618699.3",-124068,"ENSG00000276289","LOC102723475","potassium voltage-gated channel subfamily E regulatory subunit 1B","Distal intergenic"
"chr20",63641730,63642230,501,"*",5.010831754418,3.94104760634058,5.61832516087441,-0.677063643733261,0.283239347693753,0.501788227087081,"Exon (ENST00000540534.5/50861, exon 4 of 5)",20,63643756,63652394,8639,2,"50861","ENST00000632676.1",10164,"ENSG00000197457","STMN3","stathmin 3","Other exon"
"chr1",227934632,227935132,501,"*",4.44356136760415,3.80343725952814,4.88540839909605,-0.6476235524761,0.286193910438239,0.501812328686452,"Intron (ENST00000272164.6/7483, intron 1 of 3)",1,227941590,227941683,94,2,"100847072","ENST00000584300.1",6551,"ENSG00000264483","MIR5008","microRNA 5008","Other intron"
"chr2",159712064,159712564,501,"*",5.38024611671983,4.71035698948359,5.83594289259186,-0.65054219532021,0.28799260842259,0.501812328686452,"Promoter (<=1kb)",2,159635077,159712442,77366,2,"29994","ENST00000849500.1",0,"ENSG00000123636","BAZ2B","bromodomain adjacent to zinc finger domain 2B","Promoter (<=1 kb)"
"chr21",10375898,10376398,501,"*",1.56903313021583,2.56903313021583,0,0.475825664356391,0.288498377119389,0.501812328686452,"Intron (ENST00000719312.1/ENST00000719312.1, intron 2 of 2)",21,10413467,10463120,49654,1,"85319","ENST00000807245.1",-37069,NA,"BAGE2","BAGE family member 2 (pseudogene)","Other intron"
"chrX",76145823,76146323,501,"*",3.28744425261666,1.94104760634058,3.97156899818572,-0.632335454153419,0.29857748810589,0.510648276209231,"Exon (ENST00000844521.1/ENST00000844521.1, exon 2 of 3)",23,76173040,76178196,5157,1,"51260","ENST00000373357.3",-26717,"ENSG00000102390","PBDC1","polysaccharide biosynthesis domain containing 1","Other exon"
"chr3",4978766,4979266,501,"*",5.30381608766183,4.67133412262541,5.74203897441769,-0.629716926550161,0.300448302121695,0.510648276209231,"Promoter (<=1kb)",3,4979437,4983268,3832,1,"8553","ENST00000467610.1",-171,"ENSG00000134107","BHLHE40","basic helix-loop-helix family member e40","Promoter (<=1 kb)"
"chr11",64305004,64305504,501,"*",5.90655947918091,5.35192426718246,6.3061908652148,-0.611123690641929,0.30069532640892,0.510648276209231,"Promoter (<=1kb)",11,64305497,64316738,11242,1,"2101","ENST00000406310.6",0,"ENSG00000173153","ESRRA","estrogen related receptor alpha","Promoter (<=1 kb)"
"chr19",45584723,45585223,501,"*",5.61073080801328,5.22289782120439,5.91608650600622,-0.525154276418106,0.314442769361204,0.527748975477576,"Promoter (<=1kb)",19,45527767,45584802,57036,2,"80207","ENST00000323060.4",0,"ENSG00000125741","OPA3","outer mitochondrial membrane lipid metabolism regulator OPA3","Promoter (<=1 kb)"
"chr7",2508748,2509248,501,"*",5.94097845372417,5.44729772237723,6.30811371267092,-0.57340457245884,0.31730006302679,0.529448360980749,"Distal Intergenic",7,2512529,2528427,15899,1,"3955","ENST00000402506.5",-3281,"ENSG00000106003","LFNG","LFNG O-fucosylpeptide 3-beta-N-acetylglucosaminyltransferase","Distal intergenic"
"chr1",15524225,15524725,501,"*",5.44808838005723,5.03596514797158,5.76826508474037,-0.533668919251255,0.319713741488224,0.530392160734799,"Promoter (<=1kb)",1,15490832,15524445,33614,2,"842","ENST00000546424.5",0,"ENSG00000132906","CASP9","caspase 9","Promoter (<=1 kb)"
"chr1",28648656,28649156,501,"*",5.45818116675212,5.00503438524782,5.80250080379605,-0.550370635159743,0.324632141322083,0.532610132114846,"Promoter (<=1kb)",1,28648600,28648734,135,1,"26824","ENST00000387069.2",56,"ENSG00000274978","RNU11","RNA, U11 small nuclear","Promoter (<=1 kb)"
"chr20",44210638,44211138,501,"*",6.3561997710251,6.03605607009057,6.61804335358547,-0.46543326741996,0.324762275679784,0.532610132114846,"Promoter (<=1kb)",20,44210907,44226450,15544,1,"100505783","ENST00000671199.3",0,"ENSG00000223891","OSER1-DT","OSER1 divergent transcript","Promoter (<=1 kb)"
"chr9",105064508,105065008,501,"*",5.65883922711933,5.24954370998638,5.97731113101461,-0.525206414789922,0.32994688226516,0.538038381875573,"Intron (ENST00000760085.1/ENST00000760085.1, intron 2 of 2)",9,104990149,104991818,1670,2,"107987106","ENST00000670487.1",-72690,"ENSG00000230013","CT70","cancer/testis associated transcript 70","Other intron"
"chr1",149812254,149812754,501,"*",5.57080083178391,4.9408092299614,6.00783657843524,-0.589757255096075,0.339535399192803,0.545958755776698,"Promoter (<=1kb)",1,149782689,149812373,29685,2,"440689","ENST00000545683.1",0,"ENSG00000203814","H2BC18","H2B clustered histone 18","Promoter (<=1 kb)"
"chr1",205284634,205285134,501,"*",4.86977403878254,4.38824760465569,5.23017266802178,-0.552892617974667,0.340124741052936,0.545958755776698,"Intron (ENST00000648708.1/ENST00000648708.1, intron 4 of 4)",1,205257189,205273343,16155,1,"9911","ENST00000330675.12",27445,"ENSG00000133069","TMCC2","transmembrane and coiled-coil domain family 2","Other intron"
"chr12",26114286,26114786,501,"*",6.20119098158047,5.80343725952814,6.51264853852121,-0.511198492200375,0.343002755500722,0.546898837937263,"Exon (ENST00000737654.1/ENST00000737654.1, exon 1 of 2)",12,26121991,26231014,109024,1,"8082","ENST00000538142.5",-7205,"ENSG00000123096","SSPN","sarcospan","Other exon"
"chr19",45769235,45769735,501,"*",6.91598443066314,6.62611912346086,7.15724080178733,-0.428732213185607,0.354130598302443,0.561521998413266,"Promoter (<=1kb)",19,45764785,45769252,4468,2,"147912","ENST00000317578.7",0,"ENSG00000177045","SIX5","SIX homeobox 5","Promoter (<=1 kb)"
"chr2",85584965,85585465,501,"*",5.5891372801969,5.1109019818507,5.94769652127247,-0.530392559388902,0.367943926227497,0.573912537104846,"Promoter (<=1kb)",2,85584431,85593406,8976,1,"10791","ENST00000306384.5",534,"ENSG00000168899","VAMP5","vesicle associated membrane protein 5","Promoter (<=1 kb)"
"chr20",29885754,29886254,501,"*",5.39973429978619,4.85635119236427,5.79352391414311,-0.547434148831759,0.369964180989825,0.573944432130161,"Distal Intergenic",20,29752925,29763666,10742,1,"124904968","ENST00000763489.1",132829,NA,"LOC124904968","uncharacterized LOC124904968","Distal intergenic"
"chr17",68457462,68457962,501,"*",6.1530995219074,5.86517373808529,6.39301218270246,-0.423940888102075,0.376858001244088,0.581495948156201,"Promoter (<=1kb)",17,68421281,68457496,36216,2,"55062","ENST00000262139.10",0,"ENSG00000070540","WIPI1","WD repeat domain, phosphoinositide interacting 1","Promoter (<=1 kb)"
"chr19",39073517,39074017,501,"*",5.73485092177846,5.28878708594918,6.07507950924193,-0.505991629934675,0.384707490223284,0.59043342082397,"Distal Intergenic",19,39083913,39111493,27581,1,"390928","ENST00000601575.5",-9896,"ENSG00000183760","ACP7","acid phosphatase 7, tartrate resistant (putative)","Distal intergenic"
"chr20",34525774,34526274,501,"*",5.7500703603767,5.44718273341845,6.00027006481928,-0.429722967549379,0.387451575386264,0.591481926254563,"5' UTR",20,34516455,34540958,24504,1,"83658","ENST00000374846.3",9319,"ENSG00000125971","DYNLRB1","dynein light chain roadblock-type 1","5' UTR"
"chr7",100958059,100958559,501,"*",3.14208318943673,2.18202582606424,3.71348189362417,-0.52904894764056,0.390082581915447,0.592347624390123,"Promoter (<=1kb)",7,100957965,100967890,9926,1,"4584","ENST00000414964.5",94,"ENSG00000169894","MUC3A","mucin 3A, cell surface associated","Promoter (<=1 kb)"
"chr4",139014286,139014786,501,"*",5.71824242062537,5.3394998712827,6.01794701252167,-0.466819725624362,0.404515551021667,0.611031384964307,"Promoter (<=1kb)",4,138819954,139015467,195514,2,"105377448","ENST00000511951.2",681,NA,"LOC105377448","uncharacterized LOC105377448","Promoter (<=1 kb)"
"chr7",876279,876779,501,"*",5.74893926699286,5.40036044301863,6.02947118788305,-0.445728686265604,0.414101842965426,0.616391699456789,"Promoter (<=1kb)",7,876554,896436,19883,1,"51608","ENST00000265857.8",0,"ENSG00000239857","GET4","guided entry of tail-anchored proteins factor 4","Promoter (<=1 kb)"
"chr16",4944725,4945225,501,"*",6.06678249725086,5.72943872261913,6.34000326478386,-0.439244379416801,0.415023188097569,0.616391699456789,"Intron (ENST00000592772.1/5493, intron 1 of 9)",16,4882507,4937148,54642,2,"5493","ENST00000345988.7",-7577,"ENSG00000118898","PPL","periplakin","Other intron"
"chr9",132269729,132270229,501,"*",4.31712611145407,4.67121172536772,3.84684670435504,0.479992185167874,0.42778353058867,0.625500391534471,"Intron (ENST00000477049.1/23064, intron 2 of 4)",9,132261356,132275382,14027,2,"23064","ENST00000477049.1",5153,"ENSG00000107290","SETX","senataxin","Other intron"
"chr5",150497482,150497982,501,"*",6.60403941724443,6.31438162976291,6.84515216382209,-0.401816018178591,0.429350442969654,0.625500391534471,"Promoter (<=1kb)",5,150497778,150553714,55937,1,"3340","ENST00000523767.5",0,"ENSG00000070614","NDST1","N-deacetylase and N-sulfotransferase 1","Promoter (<=1 kb)"
"chr2",9178991,9179491,501,"*",6.27288074629795,5.94898670317325,6.5372242975429,-0.421701941683229,0.432628323111999,0.627092569359312,"Distal Intergenic",2,9206765,9405683,198919,1,"8853","ENST00000315273.4",-27274,"ENSG00000151693","ASAP2","ArfGAP with SH3 domain, ankyrin repeat and PH domain 2","Distal intergenic"
"chr15",60392759,60393259,501,"*",5.35292518042125,3.9730805986132,6.045120074702,-0.410769708960848,0.443825054287351,0.630720290404172,"Promoter (1-2kb)",15,60355919,60391297,35379,2,"302","ENST00000560389.5",-1462,"ENSG00000182718","ANXA2","annexin A2","Promoter (1-2 kb)"
"chr6",26026686,26027186,501,"*",4.76750576446914,4.2888946083805,5.12627540034641,-0.460074876379712,0.45645479247803,0.642169242358797,"Promoter (<=1kb)",6,26025802,26027283,1482,2,"8366","ENST00000718258.1",97,"ENSG00000278705","H4C2","H4 clustered histone 2","Promoter (<=1 kb)"
"chr1",91387213,91387713,501,"*",0.941047606340581,1.94104760634058,0,0.286620641507566,0.459840575793221,0.643776806110509,"Intron (ENST00000370425.8/164045, intron 4 of 38)",1,91394173,91404735,10563,2,"164045","ENST00000455133.1",17022,"ENSG00000162669","HFM1","helicase for meiosis 1","Other intron"
"chr9",95434071,95434571,501,"*",6.11693381650996,5.82137487376907,6.36211716328629,-0.393159431938238,0.463924517642202,0.646341439627729,"Distal Intergenic",9,95414834,95426796,11963,2,"105376156","ENST00000433644.2",-7275,"ENSG00000158169","LOC105376156","uncharacterized LOC105376156","Distal intergenic"
"chr20",29095595,29096095,501,"*",3.74936094771664,2.87389641637734,4.29030243211776,-0.419447772924689,0.481617646179075,0.663932149046287,"Exon (ENST00000791148.1/102723316, exon 5 of 5)",20,29080390,29102761,22372,1,"102723316","ENST00000635586.1",15205,NA,"FRG1DP","FSHD region gene 1 family member D, pseudogene","Other exon"
"chrX",155026457,155026957,501,"*",4.98063673042382,4.31432199549868,5.43469234145294,-0.436843151810519,0.48267405230145,0.663932149046287,"Promoter (<=1kb)",23,154984701,155026940,42240,2,"2157","ENST00000423959.5",0,"ENSG00000185010","F8","coagulation factor VIII","Promoter (<=1 kb)"
"chr19",40603622,40604122,501,"*",6.49468511238876,6.25623808682323,6.69925497524059,-0.342601242261182,0.484023573371952,0.663932149046287,"Promoter (2-3kb)",19,40601369,40629818,28450,1,"8425","ENST00000396819.8",2253,"ENSG00000090006","LTBP4","latent transforming growth factor beta binding protein 4","Promoter (2-3 kb)"
"chr4",186204208,186204708,501,"*",3.32061767560831,2.48122750228352,3.84780839015258,-0.413744438309506,0.488945319178101,0.663932149046287,"Promoter (<=1kb)",4,186204381,186211035,6655,1,"285440","ENST00000513354.5",0,"ENSG00000145476","CYP4V2","cytochrome P450 family 4 subfamily V member 2","Promoter (<=1 kb)"
"chr12",6943653,6944153,501,"*",6.01826721408654,5.7482537054365,6.24562411903078,-0.363366363347725,0.489351514505105,0.663932149046287,"Promoter (<=1kb)",12,6943816,6943878,63,1,"100147744","ENST00000458811.1",0,"ENSG00000238923","RNU7-1","RNA, U7 small nuclear 1","Promoter (<=1 kb)"
"chr9",322326,322826,501,"*",2.44797208249604,1.28891541824809,3.08228166606481,-0.373032042385539,0.491185305567892,0.663932149046287,"Intron (ENST00000524396.5/81704, intron 8 of 14)",9,311980,325756,13777,1,"81704","ENST00000474772.2",10346,"ENSG00000107099","DOCK8","dedicator of cytokinesis 8","Other intron"
"chr11",62841430,62841930,501,"*",6.20428006748878,5.77602889753538,6.53407866059265,-0.411022392072717,0.504698453879727,0.676861945156457,"Promoter (<=1kb)",11,62832912,62841809,8898,2,"54663","ENST00000525239.5",0,"ENSG00000133316","WDR74","WD repeat domain 74","Promoter (<=1 kb)"
"chr1",1349637,1350137,501,"*",2.8549506123462,1.6515409891456,3.50180653731147,-0.340274741542998,0.515392736075467,0.687989373272833,"Promoter (<=1kb)",1,1335278,1349418,14141,2,"1855","ENST00000378888.10",-219,"ENSG00000107404","DVL1","dishevelled segment polarity protein 1","Promoter (<=1 kb)"
"chr14",75660940,75661440,501,"*",5.60956771916423,5.35185454400515,5.82814720904216,-0.34576738908998,0.518977372375132,0.689567156813254,"Promoter (<=1kb)",14,75660992,75690282,29291,1,"23093","ENST00000555290.5",0,"ENSG00000119685","TTLL5","tubulin tyrosine ligase like 5","Promoter (<=1 kb)"
"chr16",33338692,33339192,501,"*",3.40524062427113,3.90786267563555,2.62733741939533,0.359152154397043,0.53852269310101,0.709753318533131,"Intron (ENST00000721361.1/ENST00000721361.1, intron 1 of 3)",16,33206431,33330342,123912,2,"105369266","ENST00000569199.1",-8350,NA,"LOC105369266","uncharacterized LOC105369266","Other intron"
"chr3",75668837,75669337,501,"*",3.15648516022123,2.38811809789204,3.65516331221018,-0.362015609562685,0.539115761115758,0.709753318533131,"Promoter (2-3kb)",3,75672232,75679308,7077,1,"401074","ENST00000656252.2",-2895,"ENSG00000242516","LINC00960","long intergenic non-protein coding RNA 960","Promoter (2-3 kb)"
"chr21",10474500,10475000,501,"*",3.03874266254001,2.28869343085029,3.52974064303603,-0.346084689856148,0.553516318161185,0.724835284938386,"Exon (ENST00000807244.1/85319, exon 5 of 5)",21,10482738,10605716,122979,1,"7179","ENST00000612267.1",-7738,"ENSG00000274391","TPTE","transmembrane phosphatase with tensin homology","Other exon"
"chr16",70778927,70779427,501,"*",7.32241098151182,7.09978699567948,7.51522970843788,-0.304398855536312,0.562564228956285,0.730569835793909,"Exon (ENST00000623856.1/ENST00000623856.1, exon 1 of 1)",16,70780798,70786427,5630,2,"55697","ENST00000566655.1",7000,"ENSG00000103043","VAC14","VAC14 component of PIKFYVE complex","Other exon"
"chr13",110965133,110965633,501,"*",5.23546521426283,4.97318852172354,5.45731616806719,-0.319727490965612,0.581034091546789,0.747788270286675,"Promoter (<=1kb)",13,110965596,110991072,25477,1,"104355135","ENST00000785223.1",0,NA,"LINC00431","long intergenic non-protein coding RNA 431","Promoter (<=1 kb)"
"chr18",3623850,3624350,501,"*",5.45546774660266,5.22287966768021,5.65571255927027,-0.298965512428872,0.586365877400308,0.749134433674706,"Intron (ENST00000400147.6/9229, intron 4 of 9)",18,3604059,3608469,4411,1,"84777","ENST00000715381.1",19791,NA,"DLGAP1-AS2","DLGAP1 antisense RNA 2","Other intron"
"chr19",46786025,46786525,501,"*",5.66513223984172,5.41225143757159,5.88022808511108,-0.309210056788473,0.587300514204909,0.749134433674706,"Promoter (<=1kb)",19,46774924,46787342,12419,2,"6510","ENST00000412532.6",817,"ENSG00000105281","SLC1A5","solute carrier family 1 member 5","Promoter (<=1 kb)"
"chr1",244835040,244835540,501,"*",5.70602305485481,5.45881575611068,5.91700314161963,-0.305176223000374,0.592488259596343,0.752407657098011,"Promoter (<=1kb)",1,244835616,244843252,7637,1,"116228","ENST00000366528.3",-76,"ENSG00000203667","COX20","cytochrome c oxidase assembly factor COX20","Promoter (<=1 kb)"
"chr10",98460691,98461191,501,"*",6.54980977996136,6.3883868114618,6.69497498702528,-0.242656520991736,0.613473566097322,0.769599333219427,"Intron (ENST00000404542.5/60495, intron 8 of 8)",10,98449203,98453716,4514,1,"101927278","ENST00000789524.1",11488,"ENSG00000287261","HPS1-AS1","HPS1 antisense RNA 1","Other intron"
"chr12",57520416,57520916,501,"*",5.58835064686901,5.87387560677656,5.23201533975902,0.313059162385336,0.61572213396286,0.769599333219427,"Promoter (<=1kb)",12,57520710,57525414,4705,1,"114785","ENST00000548887.5",0,"ENSG00000166987","MBD6","methyl-CpG binding domain protein 6","Promoter (<=1 kb)"
"chr18",15407507,15408007,501,"*",3.4572933522147,2.87354492506228,3.8717234313636,-0.296205585088261,0.616702281877421,0.769599333219427,"Distal Intergenic",18,15325795,15330513,4719,2,"644669","ENST00000756940.1",-76994,"ENSG00000290522","LOC644669","ankyrin repeat domain 30B pseudogene","Distal intergenic"
"chr10",132448392,132448892,501,"*",3.06521119721171,3.43573711552749,2.56535235628193,0.302843354786884,0.617966438304824,0.769599333219427,"Promoter (1-2kb)",10,132446964,132448940,1977,1,"170393","ENST00000701813.2",1428,"ENSG00000180066","LINC02870","long intergenic non-protein coding RNA 2870","Promoter (1-2 kb)"
"chr2",112054778,112055278,501,"*",4.46627943757709,4.03602300816483,4.79726242083765,-0.284498981920296,0.64478825014622,0.790830033298996,"Promoter (<=1kb)",2,112055269,112119314,64046,1,"84910","ENST00000283206.9",0,"ENSG00000153214","TMEM87B","transmembrane protein 87B","Promoter (<=1 kb)"
"chr5",61408559,61409059,501,"*",6.36495869888486,6.47579423820569,6.24489425183185,0.19539325712246,0.657237508230622,0.797836520816314,"Intron (ENST00000252744.6/57688, intron 1 of 13)",5,61321494,61332348,10855,2,"105378994","ENST00000821437.1",-76211,NA,"LOC105378994","uncharacterized LOC105378994","Other intron"
"chr1",235011810,235012310,501,"*",5.60295606096737,5.38832206578097,5.78975481546242,-0.254982050317546,0.658960685369533,0.797836520816314,"Distal Intergenic",1,234978814,234980804,1991,2,"130512932","ENST00000549744.2",-31006,NA,"LINC03108","long intergenic non-protein coding RNA 3108","Distal intergenic"
"chr8",19438481,19438981,501,"*",5.22482463338097,5.05125896434247,5.37973366048602,-0.237761476575975,0.661379447718441,0.797836520816314,"Intron (ENST00000454498.6/55790, intron 6 of 9)",8,19420383,19495191,74809,2,"55790","ENST00000518542.1",56210,"ENSG00000147408","CSGALNACT1","chondroitin sulfate N-acetylgalactosaminyltransferase 1","Other intron"
"chrX",47233253,47233753,501,"*",5.76972450645865,5.62099928478046,5.90454058459419,-0.217854146854011,0.661620529457431,0.797836520816314,"Promoter (<=1kb)",23,47233392,47240868,7477,1,"8237","ENST00000377080.7",0,"ENSG00000102226","USP11","ubiquitin specific peptidase 11","Promoter (<=1 kb)"
"chr18",109822,110322,501,"*",2.71314600301973,2.28869343085029,3.04069378941368,-0.252245433883849,0.677721966672041,0.806908184530765,"Promoter (<=1kb)",18,109829,118579,8751,1,"727758","ENST00000755832.1",0,"ENSG00000290877","ROCK1P1","Rho associated coiled-coil containing protein kinase 1 pseudogene 1","Promoter (<=1 kb)"
"chr2",88600074,88600574,501,"*",6.35159137845273,6.21618700541667,6.47537063210198,-0.199124299103301,0.683853582653598,0.806908184530765,"Intron (ENST00000652736.1/9451, intron 2 of 16)",2,88557854,88595857,38004,2,"9451","ENST00000415570.1",-4217,"ENSG00000172071","EIF2AK3","eukaryotic translation initiation factor 2 alpha kinase 3","Other intron"
"chr20",30877698,30878198,501,"*",2.73831546087137,3.12533233477771,2.20781254814866,0.234804041701544,0.683951436873625,0.806908184530765,"Distal Intergenic",20,30689749,30741619,51871,2,"102723552","ENST00000741948.1",-136079,NA,"ANKRD20A21P","ankyrin repeat domain 20 family member A21, pseudogene","Distal intergenic"
"chr22",11369810,11370310,501,"*",2.10320422089505,2.6515409891456,1.20781254814866,0.187931911329862,0.686012533189919,0.806908184530765,"Distal Intergenic",22,11707147,11833819,126673,1,"107984037","ENST00000849412.1",-336837,NA,"LOC107984037","uncharacterized LOC107984037","Distal intergenic"
"chr20",51446928,51447428,501,"*",5.91827786213848,5.78525659813897,6.04006286055063,-0.197699793123249,0.692804204008168,0.811570638980996,"Intron (ENST00000396009.7/4773, intron 6 of 9)",20,51452905,51452977,73,2,"100422889","ENST00000582236.1",5549,"ENSG00000266761","MIR3194","microRNA 3194","Other intron"
"chr1",36386433,36386933,501,"*",5.32417144707987,5.48148245763923,5.14758396855099,0.209629191705061,0.716827025600258,0.832912373875604,"Promoter (<=1kb)",1,36386191,36386961,771,1,"124904012","ENST00000773461.1",242,NA,"LOC124904012","uncharacterized LOC124904012","Promoter (<=1 kb)"
"chr20",28623517,28624017,501,"*",3.54786740929161,3.7668488796284,3.28959482697032,0.220503471306642,0.723351175803972,0.833742118296145,"Distal Intergenic",20,28580633,28603092,22460,2,"100289097","ENST00000842646.1",-20425,"ENSG00000282826","FRG1CP","FSHD region gene 1 family member C, pseudogene","Distal intergenic"
"chr8",125514691,125515191,501,"*",7.33687702533826,7.23636501400741,7.43084018361608,-0.1572299249766,0.728534249667611,0.834691565953349,"Promoter (1-2kb)",8,125513296,125525318,12023,1,"105375746","ENST00000772045.1",1395,NA,"LINC02964","long intergenic non-protein coding RNA 2964","Promoter (1-2 kb)"
"chr16",177131,177631,501,"*",0,0.0661900030046789,0,0.131106589508548,0.729991578586378,0.834691565953349,"Promoter (<=1kb)",16,176748,177274,527,1,"3039","ENST00000487791.1",383,"ENSG00000206172","HBA1","hemoglobin subunit alpha 1","Promoter (<=1 kb)"
"chr1",144103053,144103553,501,"*",1.51795767015352,2.06619000300468,0.622850047427508,0.142977872319917,0.733385721332367,0.835244849295196,"Distal Intergenic",1,144153169,144156996,3828,1,"105371206","ENST00000826332.1",-49616,NA,"LOC105371206","uncharacterized LOC105371206","Distal intergenic"
"chr11",118359263,118359763,501,"*",5.37990775017112,5.54767039268624,5.19003809416558,0.198233385031778,0.746070976110237,0.838526425900812,"Promoter (<=1kb)",11,118359600,118399211,39612,1,"9354","ENST00000252108.8",0,"ENSG00000110344","UBE4A","ubiquitination factor E4A","Promoter (<=1 kb)"
"chr21",10334304,10334804,501,"*",3.41981238085854,3.18192124196013,3.62397319961922,-0.200594160142164,0.747367860954689,0.838526425900812,"Intron (ENST00000616952.2/ENST00000616952.2, intron 1 of 1)",21,10413467,10463120,49654,1,"85319","ENST00000807245.1",-78663,NA,"BAGE2","BAGE family member 2 (pseudogene)","Other intron"
"chr7",112449134,112449634,501,"*",5.47737336409928,5.33943624293076,5.60326547784468,-0.177548972687512,0.748116415433654,0.838526425900812,"Promoter (<=1kb)",7,112450049,112455855,5807,1,"3475","ENST00000445335.1",-415,"ENSG00000006652","IFRD1","interferon related developmental regulator 1","Promoter (<=1 kb)"
"chr21",9003187,9003687,501,"*",5.71209007852109,5.84767686872832,5.56242620642065,0.18164786296582,0.750760289844949,0.838526425900812,"Intron (ENST00000716361.1/100132288, intron 3 of 4)",21,8986999,8987178,180,1,"103504731","ENST00000581792.1",16188,"ENSG00000264462","MIR3648-2","microRNA 3648-2","Other intron"
"chr19",37293353,37293853,501,"*",3.9544047313786,3.61089900464825,4.2316469936466,-0.18925927284703,0.750875579987835,0.838526425900812,"Promoter (<=1kb)",19,37265935,37294375,28441,2,"284412","ENST00000817643.1",522,NA,"LOC284412","Putative uncharacterized protein PP6455","Promoter (<=1 kb)"
"chr19",47256682,47257182,501,"*",6.00864248733883,5.89089952951089,6.11749692634311,-0.161285784405751,0.762948648763303,0.848706442616542,"Promoter (<=1kb)",19,47256525,47271953,15429,1,"26093","ENST00000221922.11",157,"ENSG00000105321","CCDC9","coiled-coil domain containing 9","Promoter (<=1 kb)"
"chr2",241355845,241356345,501,"*",3.24845240364668,2.94092400869022,3.50180653731147,-0.158979601063638,0.787194333298292,0.865612159603869,"Promoter (<=1kb)",2,241356285,241494841,138557,1,"9855","ENST00000264042.8",0,"ENSG00000006607","FARP2","FERM, ARH/RhoGEF and pleckstrin domain protein 2","Promoter (<=1 kb)"
"chr10",70578477,70578977,501,"*",5.06151523258872,5.20946315113708,4.89664322311584,0.162854518572688,0.790808429146339,0.866267248721372,"Intron (ENST00000697577.1/27143, intron 19 of 20)",10,70597348,70602687,5340,2,"5551","ENST00000638674.1",23710,"ENSG00000180644","PRF1","perforin 1","Other intron"
"chr11",66950034,66950534,501,"*",5.76696138413766,6.08141069333184,5.36430301356154,0.134988877326504,0.795947194407208,0.868581158915851,"5' UTR",11,66952296,66958344,6049,2,"5091","ENST00000534194.1",7810,"ENSG00000173599","PC","pyruvate carboxylase","5' UTR"
"chrX",43969835,43970335,501,"*",4.77990620658885,4.65123344681546,4.89803660201808,-0.147095780178916,0.806486142493101,0.87674819278606,"Exon (ENST00000671493.1/100873919, exon 3 of 4)",23,43949682,43973386,23705,2,"4693","ENST00000470584.1",3051,"ENSG00000124479","NDP","norrin cystine knot growth factor NDP","Other exon"
"chr3",48769813,48770313,501,"*",5.44880031771554,5.35187778543866,5.53961933436332,-0.129447481287711,0.818999507868193,0.884256386494478,"Intron (ENST00000265563.13/5576, intron 6 of 10)",3,48751339,48765350,14012,2,"5576","ENST00000438535.1",-4463,"ENSG00000114302","PRKAR2A","protein kinase cAMP-dependent type II regulatory subunit alpha","Other intron"
"chr7",105830325,105830825,501,"*",5.8242086657722,5.73887942488296,5.90477163971649,-0.118499215857499,0.822619419792692,0.884256386494478,"Intron (ENST00000419735.8/222255, intron 2 of 11)",7,105760554,105876477,115924,2,"222255","ENST00000478915.1",45652,"ENSG00000146776","ATXN7L1","ataxin 7 like 1","Other intron"
"chr11",43830898,43831398,501,"*",5.92144190420903,5.80342512004327,6.03053032721914,-0.132752444537911,0.823429290306114,0.884256386494478,"Promoter (<=1kb)",11,43830063,43856404,26342,1,"51144","ENST00000533090.6",835,"ENSG00000149084","HSD17B12","hydroxysteroid 17-beta dehydrogenase 12","Promoter (<=1 kb)"
"chr7",2641385,2641885,501,"*",5.30081226786993,5.15400324749381,5.43405214222669,-0.135632949182026,0.826932553775017,0.884256386494478,"Intron (ENST00000429448.2/80727, intron 1 of 14)",7,2645532,2647176,1645,1,"80727","ENST00000400376.2",-3647,"ENSG00000136295","TTYH3","tweety family member 3","Other intron"
"chr17",19063782,19064282,501,"*",2.32946905837773,2.56880461481105,2.04237491867418,0.116932740612243,0.828797797794476,0.884256386494478,"Promoter (<=1kb)",17,19063346,19064136,791,2,"780852","ENST00000571722.3",0,NA,"SNORD3B-2","small nucleolar RNA, C/D box 3B-2","Promoter (<=1 kb)"
"chr17",58517625,58518125,501,"*",5.53967911135987,5.41219093834818,5.6568104264782,-0.127266519761174,0.83566553757347,0.888281515865133,"Promoter (<=1kb)",17,58489529,58517851,28323,2,"9110","ENST00000579925.5",0,"ENSG00000108389","MTMR4","myotubularin related protein 4","Promoter (<=1 kb)"
"chr11",73779502,73780002,501,"*",5.75255132051785,5.45868318214542,5.99657122906105,-0.0961990131180166,0.851616554073614,0.901896498225561,"Exon (ENST00000718520.1/ENST00000718520.1, exon 1 of 2)",11,73787872,73865133,77262,1,"51642","ENST00000508278.6",-7870,"ENSG00000175581","MRPL48","mitochondrial ribosomal protein L48","Other exon"
"chr4",49512950,49513450,501,"*",1.62027703752852,1.94065912092082,1.20781254814866,0.0757284877292677,0.859322046949497,0.906431260367355,"Intron (ENST00000726794.1/ENST00000726794.1, intron 1 of 3)",4,49163482,49207856,44375,1,"101927209","ENST00000844908.1",349468,"ENSG00000309878","LOC101927209","uncharacterized LOC101927209","Other intron"
"chr6",27814850,27815350,501,"*",4.85769562226278,4.94077832643567,4.76953434984009,0.105647805582599,0.862215101325045,0.906431260367355,"Promoter (<=1kb)",6,27815022,27815489,468,1,"8342","ENST00000621112.2",0,"ENSG00000273703","H2BC14","H2B clustered histone 14","Promoter (<=1 kb)"
"chr5",135139436,135139936,501,"*",5.37233524317952,5.3015268032243,5.43983034437907,-0.094963117093333,0.870885735845864,0.908074106914658,"Exon (ENST00000507058.1/ENST00000507058.1, exon 3 of 3)",5,135136131,135137056,926,1,"124901072","ENST00000782571.1",3305,NA,"LOC124901072","uncharacterized LOC124901072","Other exon"
"chr22",12497959,12498459,501,"*",3.59885076343532,3.69084887444517,3.50058409216156,0.0991846214897878,0.873269872851727,0.908074106914658,"Distal Intergenic",22,12800736,12813586,12851,2,"105379428","ENST00000790069.1",315127,"ENSG00000278932","LOC105379428","uncharacterized LOC105379428","Distal intergenic"
"chr1",145280971,145281471,501,"*",4.74087183296361,4.67131815835459,4.80722592376002,-0.0883693827074869,0.882901730086575,0.914565087363554,"Promoter (<=1kb)",1,145281116,145281279,164,1,"101954266","ENST00000384770.1",0,"ENSG00000207501","RNVU1-14","RNA, variant U1 small nuclear 14","Promoter (<=1 kb)"
"chr17",28743284,28743784,501,"*",5.30579714174188,5.23636681248039,5.37203896713988,-0.0823810340111482,0.885885345947972,0.914565087363554,"Promoter (<=1kb)",17,28744011,28750956,6946,1,"9618","ENST00000262395.10",-227,"ENSG00000076604","TRAF4","TNF receptor associated factor 4","Promoter (<=1 kb)"
"chr17",43351740,43352240,501,"*",5.6425855622089,5.60043409794044,5.6835403605225,-0.0631650707928801,0.907213482834263,0.933226772664636,"Intron (ENST00000663186.1/ENST00000663186.1, intron 1 of 2)",17,43368796,43373810,5015,1,"105371785","ENST00000829281.1",-16556,NA,"LOC105371785","uncharacterized LOC105371785","Other intron"
"chr2",118049514,118050014,501,"*",4.58776990360887,4.50366106635251,4.66724416678596,-0.065662392034501,0.914897008575624,0.93443217601852,"Promoter (2-3kb)",2,118052430,118058535,6106,1,"102723413","ENST00000747900.1",-2416,"ENSG00000235066","LOC102723413","uncharacterized LOC102723413","Promoter (2-3 kb)"
"chr10",12775848,12776348,501,"*",2.89603825612086,2.9409063510186,2.84972984073178,0.0304462841466393,0.957835595494461,0.968041504738519,"Intron (ENST00000619168.5/57118, intron 5 of 10)",10,12725254,12725353,100,2,"100313841","ENST00000408404.1",-50495,"ENSG00000221331","MIR548Q","microRNA 548q","Other intron"
"chr15",60379578,60380078,501,"*",5.94067523154126,5.96529504739186,5.91562796970821,0.0285505637667545,0.957922603992123,0.968041504738519,"Intron (ENST00000396024.7/302, intron 4 of 13)",15,60347337,60384827,37491,2,"302","ENST00000504475.6",4749,"ENSG00000182718","ANXA2","annexin A2","Other intron"
"chr3",185807661,185808161,501,"*",5.45573483449679,5.43566819473639,5.47552618925925,-0.021351251419481,0.969238489911421,0.976040163524835,"Intron (ENST00000382199.7/10644, intron 2 of 15)",3,185814055,185821103,7049,2,"10644","ENST00000466214.1",12942,"ENSG00000073792","IGF2BP2","insulin like growth factor 2 mRNA binding protein 2","Other intron"
"chr21",10402024,10402524,501,"*",3.41071924649319,3.38832530313402,3.43277089087374,-0.0181760047718643,0.976685793130788,0.980100778421455,"Distal Intergenic",21,10413467,10463120,49654,1,"85319","ENST00000807245.1",-10943,NA,"BAGE2","BAGE family member 2 (pseudogene)","Distal intergenic"
"chr6",27146910,27147410,501,"*",5.4727233185649,5.47022726792401,5.47521505817012,-0.000590276385756696,0.999196372110232,0.999196372110232,"Promoter (<=1kb)",6,27147106,27147562,457,1,"85235","ENST00000377459.3",0,"ENSG00000274997","H2AC12","H2A clustered histone 12","Promoter (<=1 kb)"
