chr1	1201483	1201984	p53KD_peak_000101	0	.	loss	-4.72329748243427	0.0096463124979016	chr1	1206813	1206814	ENSG00000186891	0	-	TNFRSF18	protein_coding	4830
chr1	23743332	23743833	p53KD_peak_000044	0	.	loss	-3.28959228267793	0.0020033421624403	chr1	23743152	23743153	ENSG00000011007	0	+	ELOA	protein_coding	180
chr1	27542658	27543159	p53KD_peak_000183	0	.	loss	-2.17645679452097	0.0421453618458237	chr1	27542480	27542481	ENSG00000300470	0	+	ENSG00000300470	lncRNA	178
chr1	35268432	35268933	p53KD_peak_000048	0	.	loss	-6.32320557831437	0.002423198328787	chr1	35268663	35268664	ENSG00000146463	0	+	ZMYM4	protein_coding	0
chr1	39192021	39192522	p53KD_peak_000124	0	.	loss	-2.80354780679428	0.0164374001622942	chr1	39154295	39154296	ENSG00000222378	0	-	RNA5SP44	rRNA_pseudogene	37726
chr1	45326813	45327314	p53KD_peak_000130	0	.	loss	-1.57647572551508	0.0179543377061432	chr1	45326894	45326895	ENSG00000186603	0	+	HPDL	protein_coding	0
chr1	148522589	148523090	p53KD_peak_000097	0	.	loss	-4.82506829705604	0.0087460309472946	chr1	148522600	148522601	ENSG00000274210	0	+	RNVU1-27	snRNA	0
chr1	153550517	153551018	p53KD_peak_000066	0	.	loss	-5.54389422924871	0.0047896070129691	chr1	153550150	153550151	ENSG00000188015	0	-	S100A3	protein_coding	367
chr1	153923312	153923813	p53KD_peak_000109	0	.	loss	-4.55349847103853	0.0119391232735047	chr1	153923359	153923360	ENSG00000143614	0	-	GATAD2B	protein_coding	0
chr1	161132337	161132838	p53KD_peak_000019	0	.	loss	-6.88505551263067	0.0007709093669049	chr1	161132665	161132666	ENSG00000297567	0	+	ENSG00000297567	lncRNA	0
chr1	171339324	171339825	p53KD_peak_000046	0	.	gain	2.49751139854405	0.0020033421624403	chr1	171339298	171339299	ENSG00000285665	0	+	TOP1P1	processed_pseudogene	26
chr1	179882435	179882936	p53KD_peak_000081	0	.	loss	-2.14507244966677	0.0057310686661831	chr1	179882702	179882703	ENSG00000272906	0	-	ENSG00000272906	lncRNA	0
chr1	225817802	225818303	p53KD_peak_000083	0	.	loss	-3.98744817848144	0.0058905171322161	chr1	225810047	225810048	ENSG00000143819	0	+	EPHX1	protein_coding	7755
chr1	228082098	228082599	p53KD_peak_000033	0	.	loss	-6.42104891213982	0.0017594592408735	chr1	228082507	228082508	ENSG00000307566	0	-	ENSG00000307566	lncRNA	0
chr2	3378850	3379351	p53KD_peak_000098	0	.	loss	-4.82599838963653	0.0090285151157858	chr2	3379668	3379669	ENSG00000171853	0	+	TRAPPC12	protein_coding	318
chr2	3575103	3575604	p53KD_peak_000026	0	.	loss	-2.05521201542979	0.0015352386713946	chr2	3575197	3575198	ENSG00000171863	0	+	RPS7	protein_coding	0
chr2	8631923	8632424	p53KD_peak_000107	0	.	loss	-4.65360735024883	0.0116148467683032	chr2	8628674	8628675	ENSG00000302835	0	-	ENSG00000302835	lncRNA	3249
chr2	8684978	8685479	p53KD_peak_000207	0	.	loss	-1.99329109593403	0.0469345852738983	chr2	8684914	8684915	ENSG00000307315	0	+	ENSG00000307315	lncRNA	64
chr2	10302481	10302982	p53KD_peak_000214	0	.	loss	-1.49660675952137	0.048110556312044	chr2	10301970	10301971	ENSG00000298642	0	+	ENSG00000298642	lncRNA	511
chr2	27071298	27071799	p53KD_peak_000105	0	.	loss	-2.8079071689536	0.0101142234268828	chr2	27073829	27073830	ENSG00000228474	0	-	OST4	protein_coding	2031
chr2	39123824	39124325	p53KD_peak_000007	0	.	loss	-7.41695960667147	0.0004091143587456	chr2	39124344	39124345	ENSG00000115904	0	-	SOS1	protein_coding	20
chr2	108967111	108967612	p53KD_peak_000119	0	.	loss	-3.14108886104607	0.015206113503864	chr2	108989371	108989372	ENSG00000135960	0	-	EDAR	protein_coding	21760
chr2	110100890	110101391	p53KD_peak_000095	0	.	loss	-2.24868305291306	0.0082154480027354	chr2	110087454	110087455	ENSG00000309020	0	+	ENSG00000309020	lncRNA	13436
chr2	134677291	134677792	p53KD_peak_000149	0	.	loss	-1.88631040483611	0.0250873974608285	chr2	134717635	134717636	ENSG00000287463	0	+	ENSG00000287463	lncRNA	39844
chr2	174248834	174249335	p53KD_peak_000212	0	.	loss	-1.37730923270232	0.0470652101919716	chr2	174248660	174248661	ENSG00000138430	0	-	OLA1	protein_coding	174
chr2	200408679	200409180	p53KD_peak_000041	0	.	loss	-5.73204067142612	0.0018997629516853	chr2	200373174	200373175	ENSG00000201649	0	+	RNY4P34	misc_RNA	35505
chr2	202374747	202375248	p53KD_peak_000015	0	.	loss	-7.10819068490328	0.0006407630625008	chr2	202375834	202375835	ENSG00000204217	0	+	BMPR2	protein_coding	587
chr2	231612636	231613137	p53KD_peak_000118	0	.	loss	-2.74488048936133	0.0151564283020522	chr2	231617020	231617021	ENSG00000286399	0	-	ENSG00000286399	lncRNA	3884
chr3	14124339	14124840	p53KD_peak_000146	0	.	loss	-2.44329816168043	0.0239740401240284	chr3	14124875	14124876	ENSG00000163528	0	-	CHCHD4	protein_coding	36
chr3	15064984	15065485	p53KD_peak_000030	0	.	loss	-2.86580612950141	0.0017363142005389	chr3	15065338	15065339	ENSG00000131368	0	-	MRPS25	protein_coding	0
chr3	48186584	48187085	p53KD_peak_000094	0	.	loss	-4.8936313725974	0.0081762176951353	chr3	48188427	48188428	ENSG00000164045	0	-	CDC25A	protein_coding	1343
chr3	48989941	48990442	p53KD_peak_000163	0	.	loss	-3.30002738959739	0.0304921078933594	chr3	48990161	48990162	ENSG00000223343	0	-	ENSG00000223343	lncRNA	0
chr3	49028965	49029466	p53KD_peak_000010	0	.	loss	-5.61150536969534	0.0005174653024612	chr3	49029315	49029316	ENSG00000272434	0	+	ENSG00000272434	lncRNA	0
chr3	51995392	51995893	p53KD_peak_000077	0	.	loss	-1.52676527445894	0.0054371374345416	chr3	51996020	51996021	ENSG00000162244	0	-	RPL29	protein_coding	128
chr3	119464264	119464765	p53KD_peak_000069	0	.	loss	-5.71681970740992	0.0047896070129691	chr3	119468790	119468791	ENSG00000163389	0	+	POGLUT1	protein_coding	4026
chr3	150408089	150408590	p53KD_peak_000056	0	.	loss	-5.19983032173182	0.0037653048680005	chr3	150408240	150408241	ENSG00000196428	0	+	TSC22D2	protein_coding	0
chr4	52712645	52713146	p53KD_peak_000143	0	.	loss	-1.46968459148588	0.0228414794087417	chr4	52712681	52712682	ENSG00000264585	0	+	MIR4449	miRNA	0
chr4	98523224	98523725	p53KD_peak_000204	0	.	loss	-2.60080922825344	0.0469345852738983	chr4	98517747	98517748	ENSG00000304331	0	+	ENSG00000304331	lncRNA	5477
chr4	108620562	108621063	p53KD_peak_000170	0	.	loss	-1.76767712280142	0.033253958674082	chr4	108620517	108620518	ENSG00000234492	0	-	RPL34-DT	lncRNA	45
chr4	127781946	127782447	p53KD_peak_000085	0	.	loss	-4.03409083086368	0.0064564323649242	chr4	127781820	127781821	ENSG00000164070	0	+	HSPA4L	protein_coding	126
chr5	69188802	69189303	p53KD_peak_000047	0	.	loss	-6.29095239818802	0.0021551838169502	chr5	69189510	69189511	ENSG00000280187	0	-	ENSG00000280187	TEC	208
chr5	91314093	91314594	p53KD_peak_000139	0	.	loss	-3.41120551556583	0.0208671291218467	chr5	91314546	91314547	ENSG00000248323	0	-	LUCAT1	lncRNA	0
chr5	134758370	134758871	p53KD_peak_000025	0	.	loss	-6.58173357828123	0.001473398927827	chr5	134758770	134758771	ENSG00000145833	0	+	DDX46	protein_coding	0
chr5	135263550	135264051	p53KD_peak_000152	0	.	loss	-1.55370076134645	0.0252639206826081	chr5	135263556	135263557	ENSG00000301931	0	+	ENSG00000301931	lncRNA	0
chr5	139660678	139661179	p53KD_peak_000200	0	.	loss	-1.42958439442481	0.0469345852738983	chr5	139670093	139670094	ENSG00000298611	0	-	ENSG00000298611	lncRNA	8915
chr5	151771148	151771649	p53KD_peak_000178	0	.	loss	-1.54325015495521	0.0402182077597206	chr5	151771507	151771508	ENSG00000275765	0	-	ENSG00000275765	lncRNA	0
chr5	154038888	154039389	p53KD_peak_000023	0	.	loss	-6.68502242650584	0.0012050025018484	chr5	154038935	154038936	ENSG00000055147	0	-	FAM114A2	protein_coding	0
chr5	159263360	159263861	p53KD_peak_000198	0	.	loss	-2.89426137821771	0.046462211042283	chr5	159263267	159263268	ENSG00000288764	0	-	ENSG00000288764	lncRNA	93
chr5	159916012	159916513	p53KD_peak_000104	0	.	loss	-4.65042636111053	0.0100623697237371	chr5	159920879	159920880	ENSG00000306315	0	+	ENSG00000306315	lncRNA	4367
chr5	177351543	177352044	p53KD_peak_000029	0	.	loss	-2.75783450858662	0.0017363142005389	chr5	177351839	177351840	ENSG00000169223	0	-	LMAN2	protein_coding	0
chr5	181184265	181184766	p53KD_peak_000133	0	.	loss	-1.96074816972948	0.0191397092952585	chr5	181184325	181184326	ENSG00000308702	0	+	ENSG00000308702	lncRNA	0
chr6	3194881	3195382	p53KD_peak_000082	0	.	loss	-5.37468810072646	0.0057310686661831	chr6	3195783	3195784	ENSG00000230269	0	-	LINC02525	lncRNA	402
chr6	24721506	24722007	p53KD_peak_000217	0	.	loss	-1.45165418569967	0.0497562146135758	chr6	24721657	24721658	ENSG00000224164	0	+	LINC02828	lncRNA	0
chr6	27814551	27815052	p53KD_peak_000210	0	.	loss	-2.2837476170146	0.0469345852738983	chr6	27814776	27814777	ENSG00000276368	0	-	H2AC14	protein_coding	0
chr6	33571343	33571844	p53KD_peak_000070	0	.	loss	-3.80567943487819	0.0050396151057578	chr6	33571658	33571659	ENSG00000296370	0	-	ENSG00000296370	lncRNA	0
chr6	34391187	34391688	p53KD_peak_000150	0	.	loss	-3.20018294152249	0.0250873974608285	chr6	34392831	34392832	ENSG00000272325	0	-	NUDT3	protein_coding	1144
chr6	42217306	42217807	p53KD_peak_000057	0	.	loss	-5.81475176190894	0.0040079031365503	chr6	42217880	42217881	ENSG00000048544	0	-	MRPS10	protein_coding	74
chr6	111793648	111794149	p53KD_peak_000144	0	.	loss	-1.60709212982622	0.0234339948788788	chr6	111873478	111873479	ENSG00000010810	0	-	FYN	protein_coding	79330
chr6	125956680	125957181	p53KD_peak_000089	0	.	loss	-5.10821263310062	0.0074890680472154	chr6	125956732	125956733	ENSG00000111911	0	+	HINT3	protein_coding	0
chr6	149749118	149749619	p53KD_peak_000157	0	.	loss	-3.09573229163183	0.0278040531293603	chr6	149749196	149749197	ENSG00000120265	0	+	PCMT1	protein_coding	0
chr7	460939	461440	p53KD_peak_000074	0	.	loss	-4.14859375677321	0.0052150625938061	chr7	451938	451939	ENSG00000305697	0	+	ENSG00000305697	lncRNA	9001
chr7	2757505	2758006	p53KD_peak_000111	0	.	loss	-1.76495325977625	0.0141862756380074	chr7	2835620	2835621	ENSG00000231357	0	+	PFDN4P1	processed_pseudogene	77615
chr7	4775362	4775863	p53KD_peak_000084	0	.	loss	-4.70650638722681	0.0062026987235043	chr7	4775609	4775610	ENSG00000242802	0	+	AP5Z1	protein_coding	0
chr7	22822720	22823221	p53KD_peak_000206	0	.	loss	-1.89249509923094	0.0469345852738983	chr7	22822890	22822891	ENSG00000196683	0	-	TOMM7	protein_coding	0
chr7	32957183	32957684	p53KD_peak_000187	0	.	loss	-1.66902945340259	0.0431180774279267	chr7	32957403	32957404	ENSG00000122642	0	+	FKBP9	protein_coding	0
chr7	44748325	44748826	p53KD_peak_000039	0	.	loss	-4.38281444387792	0.0018427550719378	chr7	44748547	44748548	ENSG00000122515	0	+	ZMIZ2	protein_coding	0
chr7	45110913	45111414	p53KD_peak_000156	0	.	loss	-1.68996114687735	0.0261601393717366	chr7	45112047	45112048	ENSG00000136270	0	-	TBRG4	protein_coding	634
chr7	56064118	56064619	p53KD_peak_000116	0	.	loss	-2.40342031054413	0.0145916827285808	chr7	56064001	56064002	ENSG00000129103	0	+	SUMF2	protein_coding	117
chr7	66075518	66076019	p53KD_peak_000050	0	.	loss	-5.97464037003827	0.0028982080745555	chr7	66075799	66075800	ENSG00000126522	0	+	ASL	protein_coding	0
chr7	74092552	74093053	p53KD_peak_000075	0	.	loss	-3.04782280179994	0.005304315492113	chr7	74082932	74082933	ENSG00000106683	0	+	LIMK1	protein_coding	9620
chr7	76048038	76048539	p53KD_peak_000189	0	.	loss	-1.51605638733043	0.043601945597182	chr7	76048036	76048037	ENSG00000146701	0	+	MDH2	protein_coding	2
chr7	100081615	100082116	p53KD_peak_000013	0	.	loss	-2.15844341368097	0.0005953556196104	chr7	100082705	100082706	ENSG00000166526	0	-	ZNF3	protein_coding	590
chr7	100148820	100149321	p53KD_peak_000003	0	.	loss	-8.36721030583638	3.3902020077986e-06	chr7	100148887	100148888	ENSG00000188186	0	+	LAMTOR4	protein_coding	0
chr7	100866707	100867208	p53KD_peak_000196	0	.	loss	-1.34549896459225	0.0463700895599328	chr7	100867125	100867126	ENSG00000087077	0	+	TRIP6	protein_coding	0
chr7	102464280	102464781	p53KD_peak_000005	0	.	loss	-8.29752648253577	1.58619259016563e-05	chr7	102464898	102464899	ENSG00000160993	0	-	ALKBH4	protein_coding	118
chr7	131008067	131008568	p53KD_peak_000147	0	.	loss	-2.52473239727182	0.0245943683867746	chr7	131054991	131054992	ENSG00000199627	0	-	RNU6-1010P	snRNA	46424
chr7	139340849	139341350	p53KD_peak_000193	0	.	loss	-1.46477047956167	0.0451834358710382	chr7	139341359	139341360	ENSG00000269955	0	+	FMC1-LUC7L2	protein_coding	10
chr7	149028911	149029412	p53KD_peak_000073	0	.	loss	-4.82196715306175	0.0052150625938061	chr7	149028666	149028667	ENSG00000155660	0	-	PDIA4	protein_coding	245
chr7	150322730	150323231	p53KD_peak_000110	0	.	loss	-2.236622852075	0.0127939467401331	chr7	150323262	150323263	ENSG00000127399	0	+	LRRC61	protein_coding	32
chr7	151081414	151081915	p53KD_peak_000140	0	.	loss	-2.02443456482352	0.0210366865976233	chr7	151080880	151080881	ENSG00000164896	0	-	FASTK	protein_coding	534
chr7	151226787	151227288	p53KD_peak_000068	0	.	loss	-5.61366014150471	0.0047896070129691	chr7	151227165	151227166	ENSG00000285292	0	-	ABCF2-H2BK1	protein_coding	0
chr7	152759715	152760216	p53KD_peak_000017	0	.	loss	-7.1187512109924	0.0006441354066255	chr7	152759730	152759731	ENSG00000133627	0	+	ACTR3B	protein_coding	0
chr7	157299588	157300089	p53KD_peak_000175	0	.	loss	-2.81532620427293	0.0355258386137699	chr7	157300388	157300389	ENSG00000295124	0	-	ENSG00000295124	lncRNA	300
chr8	22599186	22599687	p53KD_peak_000158	0	.	loss	-2.04275548397199	0.0291400714991976	chr8	22599587	22599588	ENSG00000241852	0	+	C8orf58	protein_coding	0
chr8	22693278	22693779	p53KD_peak_000125	0	.	loss	-3.0310763612936	0.0164374001622942	chr8	22693433	22693434	ENSG00000289521	0	+	ENSG00000289521	lncRNA	0
chr8	47960027	47960528	p53KD_peak_000182	0	.	loss	-1.26599376266524	0.0421453618458237	chr8	47960181	47960182	ENSG00000253729	0	-	PRKDC	protein_coding	0
chr8	48007790	48008291	p53KD_peak_000058	0	.	loss	-3.3876206583768	0.0042149687753129	chr8	48008409	48008410	ENSG00000169139	0	+	UBE2V2	protein_coding	119
chr8	102864001	102864502	p53KD_peak_000186	0	.	loss	-2.38170006439598	0.0431180774279267	chr8	102864028	102864029	ENSG00000253320	0	+	MAILR	lncRNA	0
chr8	119855918	119856419	p53KD_peak_000114	0	.	loss	-4.29186619733906	0.0144498537826234	chr8	119856021	119856022	ENSG00000136982	0	-	DSCC1	protein_coding	0
chr9	19379343	19379844	p53KD_peak_000117	0	.	loss	-1.65593620787955	0.0151505265300123	chr9	19380298	19380299	ENSG00000137154	0	-	RPS6	protein_coding	455
chr9	21994449	21994950	p53KD_peak_000172	0	.	loss	-1.74099767690695	0.0344474927102648	chr9	21994138	21994139	ENSG00000240498	0	+	CDKN2B-AS1	lncRNA	311
chr9	34611929	34612430	p53KD_peak_000165	0	.	loss	-1.41227440413875	0.0322756828750499	chr9	34612179	34612180	ENSG00000308714	0	+	ENSG00000308714	lncRNA	0
chr9	35072224	35072725	p53KD_peak_000138	0	.	loss	-1.60284023935817	0.0204511080949885	chr9	35072724	35072725	ENSG00000165280	0	-	VCP	protein_coding	0
chr9	35657753	35658254	p53KD_peak_000063	0	.	loss	-2.6885413529304	0.0046996753385122	chr9	35658018	35658019	ENSG00000277027	0	-	RMRP	ribozyme	0
chr9	95031350	95031851	p53KD_peak_000121	0	.	loss	-4.16923862043285	0.0153836044497207	chr9	95065349	95065350	ENSG00000274115	0	+	MIR6081	miRNA	33499
chr9	97921414	97921915	p53KD_peak_000131	0	.	loss	-3.65569981018189	0.0185059362702848	chr9	97922180	97922181	ENSG00000287070	0	-	ENSG00000287070	lncRNA	266
chr9	97983498	97983999	p53KD_peak_000043	0	.	loss	-2.55251719667486	0.0018997629516853	chr9	97983125	97983126	ENSG00000136938	0	+	ANP32B	protein_coding	373
chr9	121075177	121075678	p53KD_peak_000067	0	.	loss	-5.648124091029	0.0047896070129691	chr9	121075194	121075195	ENSG00000106804	0	-	C5	protein_coding	0
chr9	129413988	129414489	p53KD_peak_000129	0	.	loss	-1.70545461077476	0.0177818261323512	chr9	129413833	129413834	ENSG00000294913	0	-	ENSG00000294913	lncRNA	155
chr9	130692684	130693185	p53KD_peak_000216	0	.	loss	-1.9837284506621	0.04834793429039	chr9	130693720	130693721	ENSG00000130713	0	+	EXOSC2	protein_coding	536
chr10	79347553	79348054	p53KD_peak_000034	0	.	loss	-2.94737964904574	0.0017594592408735	chr10	79347460	79347461	ENSG00000108179	0	+	PPIF	protein_coding	93
chr10	97843008	97843509	p53KD_peak_000205	0	.	loss	-1.5432665538905	0.0469345852738983	chr10	97851011	97851012	ENSG00000227356	0	-	GOLGA7B-DT	lncRNA	7503
chr10	101694008	101694509	p53KD_peak_000103	0	.	loss	-4.16865260813796	0.0097420593982534	chr10	101693879	101693880	ENSG00000286489	0	+	ENSG00000286489	lncRNA	129
chr10	110567137	110567638	p53KD_peak_000052	0	.	loss	-4.11969093077552	0.0030041856481315	chr10	110567388	110567389	ENSG00000295217	0	-	ENSG00000295217	lncRNA	0
chr10	110871359	110871860	p53KD_peak_000184	0	.	loss	-1.81226477279356	0.0423888912515506	chr10	110871789	110871790	ENSG00000150593	0	+	PDCD4	protein_coding	0
chr10	123153955	123154456	p53KD_peak_000021	0	.	loss	-4.80601420018015	0.0011054787558126	chr10	123154364	123154365	ENSG00000154473	0	+	BUB3	protein_coding	0
chr11	57514107	57514608	p53KD_peak_000051	0	.	loss	-6.01907725701251	0.0029107491864408	chr11	57515779	57515780	ENSG00000149150	0	-	SLC43A1	protein_coding	1172
chr11	61871163	61871664	p53KD_peak_000213	0	.	loss	-1.75397581540574	0.0470652101919716	chr11	61878277	61878278	ENSG00000277892	0	-	MIR6746	miRNA	6614
chr11	62727801	62728302	p53KD_peak_000115	0	.	loss	-2.62907312882693	0.0144680186708651	chr11	62727686	62727687	ENSG00000162222	0	+	TTC9C	protein_coding	115
chr11	64241165	64241666	p53KD_peak_000011	0	.	loss	-2.22901707671132	0.0005174653024612	chr11	64241094	64241095	ENSG00000286264	0	+	ENSG00000286264	protein_coding	71
chr11	64305228	64305729	p53KD_peak_000179	0	.	loss	-2.16281059836227	0.0404326619315777	chr11	64305079	64305080	ENSG00000173153	0	+	ESRRA	protein_coding	149
chr11	69010951	69011452	p53KD_peak_000006	0	.	loss	-7.61549541308898	0.0001511036824416	chr11	69012282	69012283	ENSG00000256508	0	+	MRGPRF-AS1	lncRNA	831
chr11	69658663	69659164	p53KD_peak_000092	0	.	loss	-2.4009087954107	0.0079257374102702	chr11	69675415	69675416	ENSG00000149716	0	-	LTO1	protein_coding	16252
chr11	69820275	69820776	p53KD_peak_000164	0	.	loss	-1.84033744222388	0.0307283444727661	chr11	69819415	69819416	ENSG00000186895	0	-	FGF3	protein_coding	860
chr11	73142782	73143283	p53KD_peak_000024	0	.	loss	-6.74995218438461	0.001443164008341	chr11	73142484	73142485	ENSG00000137478	0	-	FCHSD2	protein_coding	298
chr11	75562463	75562964	p53KD_peak_000035	0	.	loss	-2.38149745856431	0.0017758912479145	chr11	75561563	75561564	ENSG00000149257	0	+	SERPINH1	protein_coding	900
chr11	78139041	78139542	p53KD_peak_000009	0	.	loss	-7.16347984691335	0.0005174653024612	chr11	78139653	78139654	ENSG00000246174	0	+	KCTD21-AS1	lncRNA	112
chr11	119101760	119102261	p53KD_peak_000135	0	.	loss	-1.85629119168457	0.0195903256980795	chr11	119102197	119102198	ENSG00000172375	0	+	C2CD2L	protein_coding	0
chr11	119845565	119846066	p53KD_peak_000040	0	.	loss	-6.29136022652845	0.0018997629516853	chr11	119822128	119822129	ENSG00000254406	0	-	ENSG00000254406	processed_pseudogene	23437
chr12	6228794	6229295	p53KD_peak_000122	0	.	loss	-2.47002326343868	0.0153836044497207	chr12	6234454	6234455	ENSG00000202318	0	-	Y_RNA	misc_RNA	5160
chr12	6867482	6867983	p53KD_peak_000185	0	.	loss	-1.27745340587294	0.0424957806742772	chr12	6867118	6867119	ENSG00000111669	0	+	TPI1	protein_coding	364
chr12	6937496	6937997	p53KD_peak_000203	0	.	loss	-1.29080890502076	0.0469345852738983	chr12	6942918	6942919	ENSG00000111678	0	+	C12orf57	protein_coding	4922
chr12	7994783	7995284	p53KD_peak_000060	0	.	loss	-5.67350274938801	0.0042149687753129	chr12	7995083	7995084	ENSG00000240739	0	-	ENSG00000240739	unprocessed_pseudogene	0
chr12	9647462	9647963	p53KD_peak_000166	0	.	loss	-1.6694524799361	0.0324015974372033	chr12	9648599	9648600	ENSG00000256442	0	-	ENSG00000256442	lncRNA	637
chr12	11727076	11727577	p53KD_peak_000162	0	.	loss	-1.88762485076819	0.0304074563347914	chr12	11649613	11649614	ENSG00000139083	0	+	ETV6	protein_coding	77463
chr12	47752920	47753421	p53KD_peak_000194	0	.	loss	-1.78923993256896	0.0463700895599328	chr12	47753915	47753916	ENSG00000211584	0	+	SLC48A1	protein_coding	495
chr12	52147123	52147624	p53KD_peak_000211	0	.	loss	-1.28855192760188	0.0470307132942146	chr12	52147349	52147350	ENSG00000294719	0	-	ENSG00000294719	lncRNA	0
chr12	52280608	52281109	p53KD_peak_000128	0	.	loss	-3.644998776146	0.0177818261323512	chr12	52279155	52279156	ENSG00000257830	0	-	KRT86-AS2	lncRNA	1453
chr12	52945537	52946038	p53KD_peak_000065	0	.	loss	-3.83356045866715	0.0047208276992138	chr12	52945687	52945688	ENSG00000111057	0	+	KRT18	protein_coding	0
chr12	53218452	53218953	p53KD_peak_000064	0	.	loss	-5.57833733044318	0.0047208276992138	chr12	53209113	53209114	ENSG00000297487	0	+	ENSG00000297487	lncRNA	9339
chr12	108661622	108662123	p53KD_peak_000191	0	.	loss	-2.87289645583534	0.043601945597182	chr12	108668447	108668448	ENSG00000238457	0	+	RNU7-169P	snRNA	6325
chr12	114684665	114685166	p53KD_peak_000148	0	.	loss	-2.31818165530018	0.0250873974608285	chr12	114684413	114684414	ENSG00000135111	0	-	TBX3	protein_coding	252
chr13	41060322	41060823	p53KD_peak_000192	0	.	loss	-1.6057765719548	0.0451422994627494	chr13	41060606	41060607	ENSG00000120688	0	+	WBP4	protein_coding	0
chr13	44281110	44281611	p53KD_peak_000136	0	.	loss	-1.69404549838532	0.0198008142690221	chr13	44264608	44264609	ENSG00000298653	0	-	ENSG00000298653	lncRNA	16502
chr13	99498456	99498957	p53KD_peak_000188	0	.	loss	-1.74893873793544	0.0431180774279267	chr13	99501341	99501342	ENSG00000280734	0	-	LINC01232	lncRNA	2385
chr13	113296787	113297288	p53KD_peak_000215	0	.	loss	-1.58618958279175	0.0481765190317315	chr13	113297087	113297088	ENSG00000185896	0	+	LAMP1	protein_coding	0
chr14	23071296	23071797	p53KD_peak_000008	0	.	loss	-7.33494015023422	0.0004091143587456	chr14	23057689	23057690	ENSG00000288795	0	+	ENSG00000288795	lncRNA	13607
chr14	49767503	49768004	p53KD_peak_000032	0	.	loss	-6.52504623997696	0.0017363142005389	chr14	49767539	49767540	ENSG00000165516	0	+	KLHDC2	protein_coding	0
chr14	70254945	70255446	p53KD_peak_000168	0	.	loss	-2.42266065518352	0.0327680191839872	chr14	70255628	70255629	ENSG00000259033	0	+	ENSG00000259033	lncRNA	183
chr14	89365526	89366027	p53KD_peak_000112	0	.	loss	-1.98246216770572	0.0144498537826234	chr14	89355059	89355060	ENSG00000258699	0	+	ENSG00000258699	lncRNA	10467
chr14	101947809	101948310	p53KD_peak_000177	0	.	loss	-1.64279568699129	0.0382333555201107	chr14	101948124	101948125	ENSG00000271780	0	+	ENSG00000271780	lncRNA	0
chr14	103528912	103529413	p53KD_peak_000120	0	.	loss	-1.76813683293085	0.0153836044497207	chr14	103529071	103529072	ENSG00000260285	0	-	TRMT61A-DT	lncRNA	0
chr14	103880433	103880934	p53KD_peak_000093	0	.	loss	-4.91834987494902	0.0081762176951353	chr14	103880118	103880119	ENSG00000258534	0	-	ENSG00000258534	lncRNA	315
chr15	64841997	64842498	p53KD_peak_000087	0	.	loss	-5.10161094061219	0.0071981120248563	chr15	64841882	64841883	ENSG00000249240	0	+	ENSG00000249240	protein_coding	115
chr15	65868970	65869471	p53KD_peak_000072	0	.	loss	-5.4314241120303	0.0052150625938061	chr15	65843483	65843484	ENSG00000283249	0	+	U6	snRNA	25487
chr15	69857251	69857752	p53KD_peak_000096	0	.	loss	-2.01885164910003	0.0085267542273739	chr15	69835110	69835111	ENSG00000259309	0	-	ENSG00000259309	lncRNA	22141
chr15	72616575	72617076	p53KD_peak_000161	0	.	loss	-1.46055485175981	0.0304074563347914	chr15	72615809	72615810	ENSG00000260672	0	+	ENSG00000260672	lncRNA	766
chr15	74889972	74890473	p53KD_peak_000153	0	.	loss	-2.32897212999055	0.0253155648107775	chr15	74890004	74890005	ENSG00000178802	0	+	MPI	protein_coding	0
chr15	75023485	75023986	p53KD_peak_000180	0	.	loss	-1.33350794737468	0.0418367886583068	chr15	75023549	75023550	ENSG00000138621	0	+	PPCDC	protein_coding	0
chr15	75842608	75843109	p53KD_peak_000106	0	.	loss	-4.13460412067488	0.0102058656728714	chr15	75843109	75843110	ENSG00000140367	0	+	UBE2Q2	protein_coding	1
chr15	98785757	98786258	p53KD_peak_000054	0	.	loss	-5.83298555684451	0.0034618758150712	chr15	98784425	98784426	ENSG00000264480	0	+	MIR4714	miRNA	1332
chr15	100803812	100804313	p53KD_peak_000028	0	.	loss	-6.47565937073331	0.0017363142005389	chr15	100786188	100786189	ENSG00000279588	0	-	ENSG00000279588	TEC	17624
chr16	2153848	2154349	p53KD_peak_000159	0	.	loss	-1.46352637751556	0.0300373411478296	chr16	2155103	2155104	ENSG00000281010	0	-	ENSG00000281010	snoRNA	755
chr16	3021244	3021745	p53KD_peak_000102	0	.	loss	-4.73826934672162	0.0097420593982534	chr16	3022540	3022541	ENSG00000131652	0	+	THOC6	protein_coding	796
chr16	29789826	29790327	p53KD_peak_000022	0	.	loss	-6.75356032821583	0.0011054787558126	chr16	29790136	29790137	ENSG00000079616	0	+	KIF22	protein_coding	0
chr16	68085185	68085686	p53KD_peak_000141	0	.	loss	-3.69896161746697	0.0224850691000763	chr16	68084750	68084751	ENSG00000072736	0	+	NFATC3	protein_coding	435
chr16	88315332	88315833	p53KD_peak_000020	0	.	loss	-6.86971382325721	0.0010697347958676	chr16	88304639	88304640	ENSG00000300066	0	-	ENSG00000300066	lncRNA	10693
chr16	89325902	89326403	p53KD_peak_000086	0	.	loss	-5.09755759612411	0.0068082058678392	chr16	89320451	89320452	ENSG00000261253	0	+	ENSG00000261253	lncRNA	5451
chr16	89972310	89972811	p53KD_peak_000173	0	.	loss	-1.61701005070316	0.0346467018716167	chr16	89972533	89972534	ENSG00000293473	0	-	CENPBD1P	lncRNA	0
chr17	752090	752591	p53KD_peak_000053	0	.	loss	-1.60204611259583	0.0031213781358543	chr17	752249	752250	ENSG00000293440	0	+	DBIL5P	lncRNA	0
chr17	2511643	2512144	p53KD_peak_000080	0	.	loss	-5.3015826100647	0.0055040780570623	chr17	2511903	2511904	ENSG00000127804	0	-	METTL16	protein_coding	0
chr17	7046951	7047452	p53KD_peak_000018	0	.	loss	-7.24570352675528	0.0006529420857783	chr17	7044091	7044092	ENSG00000174326	0	-	SLC16A11	protein_coding	2860
chr17	7242324	7242825	p53KD_peak_000108	0	.	loss	-3.13846378190671	0.0116148467683032	chr17	7242485	7242486	ENSG00000170296	0	-	GABARAP	protein_coding	0
chr17	7583094	7583595	p53KD_peak_000038	0	.	loss	-2.04994899470623	0.0018427550719378	chr17	7583213	7583214	ENSG00000129255	0	+	MPDU1	protein_coding	0
chr17	7686922	7687423	p53KD_peak_000195	0	.	loss	-1.98378372845093	0.0463700895599328	chr17	7687545	7687546	ENSG00000141510	0	-	TP53	protein_coding	123
chr17	8138688	8139189	p53KD_peak_000199	0	.	loss	-1.43117682783611	0.046462211042283	chr17	8145070	8145071	ENSG00000284117	0	-	MIR6883	miRNA	5882
chr17	15463969	15464470	p53KD_peak_000197	0	.	loss	-1.70544585551402	0.0463700895599328	chr17	15475732	15475733	ENSG00000239704	0	-	CDRT4	protein_coding	11263
chr17	17913812	17914313	p53KD_peak_000016	0	.	loss	-7.01031335133528	0.0006441354066255	chr17	17858226	17858227	ENSG00000197815	0	+	TOM1L2-AS1	lncRNA	55586
chr17	18183112	18183613	p53KD_peak_000134	0	.	loss	-1.46532542503249	0.0193780383594015	chr17	18183033	18183034	ENSG00000091542	0	+	ALKBH5	protein_coding	79
chr17	29580474	29580975	p53KD_peak_000071	0	.	loss	-5.44522687902751	0.0051460709528725	chr17	29589768	29589769	ENSG00000198720	0	+	ANKRD13B	protein_coding	8794
chr17	42678155	42678656	p53KD_peak_000169	0	.	loss	-1.90404845614423	0.0329495828572629	chr17	42677063	42677064	ENSG00000068137	0	-	PLEKHH3	protein_coding	1092
chr17	43387831	43388332	p53KD_peak_000059	0	.	loss	-5.7183486494684	0.0042149687753129	chr17	43388372	43388373	ENSG00000288909	0	+	ENSG00000288909	lncRNA	41
chr17	45051484	45051985	p53KD_peak_000167	0	.	loss	-3.21622947180225	0.0327680191839872	chr17	45061136	45061137	ENSG00000172992	0	-	DCAKD	protein_coding	9152
chr17	63446484	63446985	p53KD_peak_000014	0	.	loss	-2.10061556787273	0.0005953556196104	chr17	63447107	63447108	ENSG00000008283	0	-	CYB561	protein_coding	123
chr17	75515515	75516016	p53KD_peak_000076	0	.	loss	-4.91817765618876	0.0053161663879105	chr17	75515620	75515621	ENSG00000177303	0	-	CASKIN2	protein_coding	0
chr17	80584046	80584547	p53KD_peak_000100	0	.	loss	-4.72064738073247	0.0095919375875153	chr17	80586960	80586961	ENSG00000310008	0	-	ENSG00000310008	lncRNA	2414
chr17	81871522	81872023	p53KD_peak_000078	0	.	loss	-1.62677644763354	0.0054371374345416	chr17	81871377	81871378	ENSG00000141522	0	-	ARHGDIA	protein_coding	145
chr18	12657615	12658116	p53KD_peak_000176	0	.	loss	-2.33753943327583	0.0366186752379826	chr18	12658042	12658043	ENSG00000128789	0	+	PSMG2	protein_coding	0
chr19	488644	489145	p53KD_peak_000160	0	.	loss	-2.34948407960677	0.0304074563347914	chr19	489175	489176	ENSG00000099866	0	+	MADCAM1	protein_coding	31
chr19	1591939	1592440	p53KD_peak_000126	0	.	loss	-1.50592086696299	0.0168333086469048	chr19	1592910	1592911	ENSG00000071655	0	-	MBD3	protein_coding	471
chr19	2462580	2463081	p53KD_peak_000142	0	.	loss	-1.4998839877945	0.0227833661313445	chr19	2462184	2462185	ENSG00000267201	0	-	LINC01775	lncRNA	396
chr19	2541165	2541666	p53KD_peak_000027	0	.	loss	-6.48931396461482	0.0017363142005389	chr19	2543693	2543694	ENSG00000307830	0	+	ENSG00000307830	lncRNA	2028
chr19	4246863	4247364	p53KD_peak_000151	0	.	loss	-2.11376303816157	0.0250873974608285	chr19	4247061	4247062	ENSG00000105248	0	+	YJU2	protein_coding	0
chr19	7903514	7904015	p53KD_peak_000123	0	.	loss	-2.49926393498471	0.0164112072819106	chr19	7903822	7903823	ENSG00000076984	0	+	MAP2K7	protein_coding	0
chr19	10502340	10502841	p53KD_peak_000037	0	.	loss	-3.18805205899226	0.0018427550719378	chr19	10503557	10503558	ENSG00000079999	0	-	KEAP1	protein_coding	717
chr19	12933422	12933923	p53KD_peak_000012	0	.	loss	-7.13008836931712	0.0005174653024612	chr19	12933816	12933817	ENSG00000295879	0	+	ENSG00000295879	lncRNA	0
chr19	19138042	19138543	p53KD_peak_000171	0	.	loss	-1.59513927592965	0.0344474927102648	chr19	19138512	19138513	ENSG00000064545	0	-	TMEM161A	protein_coding	0
chr19	40417015	40417516	p53KD_peak_000031	0	.	loss	-6.44996583265741	0.0017363142005389	chr19	40415069	40415070	ENSG00000105227	0	-	PRX	protein_coding	1946
chr19	41859961	41860462	p53KD_peak_000099	0	.	loss	-1.59059357178803	0.009134518008212	chr19	41860148	41860149	ENSG00000306611	0	-	ENSG00000306611	lncRNA	0
chr19	42302310	42302811	p53KD_peak_000209	0	.	loss	-1.49870264485695	0.0469345852738983	chr19	42302097	42302098	ENSG00000188368	0	+	PRR19	protein_coding	213
chr19	43503952	43504453	p53KD_peak_000045	0	.	loss	-6.20584472209742	0.0020033421624403	chr19	43505300	43505301	ENSG00000176531	0	-	PHLDB3	protein_coding	848
chr19	44890484	44890985	p53KD_peak_000055	0	.	loss	-5.79202732130836	0.0036719845156139	chr19	44890568	44890569	ENSG00000130204	0	+	TOMM40	protein_coding	0
chr19	55654672	55655173	p53KD_peak_000079	0	.	loss	-1.95556463538114	0.0054728182542326	chr19	55654114	55654115	ENSG00000063244	0	+	U2AF2	protein_coding	558
chr20	23136761	23137262	p53KD_peak_000061	0	.	loss	-3.8883378300457	0.0044033022240851	chr20	23137130	23137131	ENSG00000296285	0	+	ENSG00000296285	lncRNA	0
chr20	23140789	23141290	p53KD_peak_000201	0	.	loss	-1.58524396983991	0.0469345852738983	chr20	23143312	23143313	ENSG00000295432	0	+	ENSG00000295432	lncRNA	2023
chr20	34302516	34303017	p53KD_peak_000127	0	.	loss	-1.4418919551044	0.0177818261323512	chr20	34311801	34311802	ENSG00000101444	0	-	AHCY	protein_coding	8785
chr20	41099898	41100399	p53KD_peak_000002	0	.	gain	3.11054830866766	2.00338876960278e-06	chr20	41136930	41136931	ENSG00000124181	0	+	PLCG1	protein_coding	36532
chr20	41113808	41114309	p53KD_peak_000001	0	.	gain	3.2406678439062	1.14392280321193e-09	chr20	41136930	41136931	ENSG00000124181	0	+	PLCG1	protein_coding	22622
chr20	44531841	44532342	p53KD_peak_000113	0	.	loss	-4.00938451991166	0.0144498537826234	chr20	44531747	44531748	ENSG00000168734	0	+	PKIG	protein_coding	94
chr20	47280966	47281467	p53KD_peak_000062	0	.	loss	-5.60512979290691	0.0046074073375653	chr20	47318501	47318502	ENSG00000267882	0	+	ENSG00000267882	lncRNA	37035
chr20	48828449	48828950	p53KD_peak_000137	0	.	loss	-2.03089893722803	0.0200131188286013	chr20	48828095	48828096	ENSG00000124126	0	-	PREX1	protein_coding	354
chr20	52001854	52002355	p53KD_peak_000132	0	.	gain	3.95072556144344	0.0191397092952585	chr20	51997395	51997396	ENSG00000295844	0	-	ENSG00000295844	lncRNA	4459
chr20	62387028	62387529	p53KD_peak_000154	0	.	loss	-1.58278251681534	0.0253155648107775	chr20	62387001	62387002	ENSG00000273619	0	-	RPS21-DT	lncRNA	27
chr20	63680240	63680741	p53KD_peak_000190	0	.	gain	2.88985837868417	0.043601945597182	chr20	63696367	63696368	ENSG00000243509	0	+	TNFRSF6B	protein_coding	15627
chr20	63740822	63741323	p53KD_peak_000155	0	.	loss	-2.74685632648292	0.0253732612674741	chr20	63739757	63739758	ENSG00000125520	0	+	SLC2A4RG	protein_coding	1065
chr22	29096576	29097077	p53KD_peak_000036	0	.	loss	-6.54438096119262	0.0018427550719378	chr22	29111682	29111683	ENSG00000226772	0	-	ENSG00000226772	lncRNA	14606
chr22	38230079	38230580	p53KD_peak_000181	0	.	loss	-2.94017231836828	0.0418367886583068	chr22	38231319	38231320	ENSG00000235246	0	+	TMEM184B-AS1	lncRNA	740
chr22	38705696	38706197	p53KD_peak_000049	0	.	loss	-6.05423505822111	0.002555191414672	chr22	38705741	38705742	ENSG00000100226	0	+	GTPBP1	protein_coding	0
chr22	41367025	41367526	p53KD_peak_000145	0	.	loss	-2.34906461647591	0.0238010831307294	chr22	41367332	41367333	ENSG00000167074	0	+	TEF	protein_coding	0
chrX	14029058	14029559	p53KD_peak_000088	0	.	loss	-5.04447630275578	0.0071981120248563	chrX	14029927	14029928	ENSG00000046647	0	-	GEMIN8	protein_coding	369
chrX	41084667	41085168	p53KD_peak_000208	0	.	loss	-1.51484341566547	0.0469345852738983	chrX	41084822	41084823	ENSG00000300154	0	+	ENSG00000300154	lncRNA	0
chrX	71181509	71182010	p53KD_peak_000090	0	.	loss	-1.87873842801836	0.0074890680472154	chrX	71198506	71198507	ENSG00000228427	0	-	ENSG00000228427	lncRNA	16497
chrX	149939159	149939660	p53KD_peak_000091	0	.	loss	-5.02463156599194	0.0075551066697448	chrX	149938880	149938881	ENSG00000197021	0	-	EOLA2	protein_coding	279
chrKI270411.1	1157	1658	p53KD_peak_000174	0	.	gain	1.99279053282048	0.0355258386137699	.	-1	-1	.	.	.	.	.	-1
chrKI270442.1	111270	111771	p53KD_peak_000202	0	.	gain	2.02159828535199	0.0469345852738983	.	-1	-1	.	.	.	.	.	-1
chrKI270466.1	770	1271	p53KD_peak_000042	0	.	gain	1.33610301471323	0.0018997629516853	.	-1	-1	.	.	.	.	.	-1
chrKI270729.1	2870	3371	p53KD_peak_000004	0	.	gain	5.30215889823692	4.1046742745431e-06	.	-1	-1	.	.	.	.	.	-1
