gene_name,baseMean_CPM,case_mean_CPM,control_mean_CPM,log2FoldChange,pvalue,padj
CCL2,89.57180065107256,178.79279036758882,0.3508109345563204,7.056365597339213,,
IL32,49.6673346035766,99.18432166377191,0.15034754338128015,6.444443147014896,,
BIRC3,62.96132319078182,124.87021357789467,1.0524328036689612,5.938458119030814,,
SGPP2,134.32011489642233,265.2824679906627,3.3577618021819235,5.9332262945110275,,
CTSS,36.044013762674524,71.83744828638025,0.2505792389688003,5.8640120039765575,,
C3,44.46960823912769,88.38794215252402,0.5512743257313606,5.848554495697454,,
TNFRSF9,45.79512056764579,90.9387351139727,0.6515060213188808,5.798818683055319,,
TNFAIP3,40.008788997119474,79.01526103836375,1.0023169558752012,5.320532918422166,,
MMP9,19.680687114918282,39.211026686455284,0.15034754338128015,5.127449472520904,,
CSF2,18.920767695598688,37.490724456641054,0.3508109345563204,4.832613157260563,,
SLC16A2,126.67080566109138,245.17272813179986,8.16888319038289,4.746781115664011,,
IL4I1,15.719491929169495,30.78747783702011,0.6515060213188808,4.266604416285872,,
ABAT,47.038300638398425,90.16756514888357,3.909036127913284,4.2150089560937545,,
TNFAIP2,399.15768841721757,754.26354662372,44.05183021071509,4.067322534586416,,
CLIC1,7.207473135256152,14.414946270512305,0.0,3.9462579557628406,,
MIR3142HG,10.78001530076277,21.05887212358794,0.5011584779376006,3.877210831367819,,
ICAM1,157.57846267551525,294.40896436441386,20.747960986616665,3.7637615558922715,,
TRAF1,42.216443132402716,79.37118563763566,5.061700627169766,3.7288838569774607,,
NFKBIA,101.70596947558148,189.52984911229143,13.882089838871536,3.6783679950659516,,
CCL7,5.427850138896608,10.855700277793217,0.0,3.5675089755446288,,
SAA1,40.94513790571434,76.22718501073379,5.663090800694886,3.534845325957111,,
IRAK2,11.564481438639431,22.12664592140366,1.0023169558752012,3.5298137776294523,,
SGK1,14.890535619213217,28.17736410902611,1.6037071294003218,3.486210470393017,,
PLAU,26.798668700675393,49.888764664612545,3.708572736738244,3.4339854487341825,,
EBI3,5.156304230066898,10.262492612340036,0.050115847793760056,3.422905761154521,,
OXTR,11.194749461240185,21.23683442322389,1.1526644992564812,3.368756031671961,,
ROBO4,5.122041387418461,10.143851079249401,0.10023169558752011,3.3403686086249453,,
CACNA1S,18.88241440457303,35.058573028283014,2.706255780863043,3.2823079500680143,,
IL23A,36.404542432639715,66.79518313002822,6.013901735251206,3.2728936493572087,,
TMEM52B,4.300755574535564,8.601511149071127,0.0,3.2632614845526025,,
RELB,75.51585104582352,137.1496122527755,13.882089838871536,3.2145824746048093,,
IL18R1,5.142496851939561,10.084530312704082,0.20046339117504022,3.2068843263262483,,
ZBED2,11.988420517868406,22.42324975413025,1.5535912816065616,3.1973417138144065,,
PLAT,18.394040894083147,33.93147846392197,2.856603324244323,3.179125037133866,,
CSF1,7.197757011164786,13.64377630542317,0.7517377169064008,3.063428955406266,,
GPRC5B,28.287313540022495,51.312463061700186,5.262164018344806,3.062421497869608,,
BCL3,18.911563582505877,34.46536536282983,3.3577618021819235,3.0247515650942765,,
CD83,27.397502041842724,49.53284006534064,5.262164018344806,3.0124880640201814,,
SAA2,11.1052571060824,20.406343691589438,1.804170520575362,2.932392410500359,,
OLR1,7.589990080103117,14.177663204331033,1.0023169558752012,2.9222074183335147,,
STAT5A,20.998529752021746,37.78732828936765,4.209731214675845,2.896304558324617,,
HSPB8,5.00084302197003,9.55064341379622,0.4510426301438405,2.8621691719812725,,
ESM1,6.654665193505364,12.457360974516808,0.851969412493921,2.861263345160457,,
CD74,29.716637612824275,52.61751992569718,6.815755299951368,2.7782472846936086,,
LRG1,3.312758007786257,6.525284319984994,0.10023169558752011,2.7739387207459822,,
MTATP8P1,4.065518135372277,7.830341183981993,0.3006950867625603,2.76318638099882,,
N4BP3,12.75652244525994,22.957136653038116,2.5559082374817628,2.7521654880423476,,
LIMD2,20.46208602075609,36.36362989228002,4.560542149232165,2.7483371635387663,,
NFKBIE,36.14220224822031,63.41389943694509,8.87050505949553,2.7061762189702856,,
CXCL8,2.931775484617469,5.813435121441177,0.050115847793760056,2.6978338500573287,,
SLC9A2,9.375749957516616,16.84709769887035,1.904402216162882,2.619376317852506,,
NT5E,34.75941478017487,60.447861109679174,9.07096845067057,2.6091603704890445,,
NFKB2,144.2456144258971,248.19808722561106,40.293141626183086,2.5933189051060777,,
KCNA2,3.7346514599972482,7.118491985438176,0.3508109345563204,2.5873860080156206,,
PRKCG,13.041364526877178,23.07577818612875,3.006950867625603,2.5870057051685498,,
CPA4,2.4914721949033614,4.982944389806723,0.0,2.580855653512187,,
BMP2,2.808531492151053,5.516831288714586,0.10023169558752011,2.5663632761598585,,
SDC4,694.7127127000665,1186.3560101398173,203.06941526031574,2.5406206884749087,,
ENSG00000237774,3.9284667647785243,7.355775051619448,0.5011584779376006,2.4766973627661373,,
UNC13A,15.233164851356346,26.457061879211885,4.009267823500805,2.454505600745347,,
ANKRD33B,3.2897457109073622,6.228680487258404,0.3508109345563204,2.419906560924792,,
SLC30A2,7.9269936365321,13.999700904695079,1.854286368369122,2.393731741868501,,
ENSG00000283265,2.279247052618969,4.5083782574441775,0.050115847793760056,2.39107913855331,,
CXCL1,2.422946509606485,4.74566132362545,0.10023169558752011,2.384665586126053,,
TMEM132A,139.09544788254289,234.13906555437066,44.05183021071509,2.383856624305764,,
IKBKE,52.24881519293004,88.20997985288805,16.28765053297202,2.367463298614864,,
WNT9A,23.777401666558887,40.33812125081633,7.216682082301448,2.3308449695712996,,
CAV1,27.2215861748835,45.97359407262155,8.46957827714545,2.310477899645515,,
PERP,886.5888267153343,1475.1888224489712,297.98883098169733,2.3037137741223326,,
ARHGEF40,61.09374709489514,102.0910392244925,20.09645496529778,2.288846442803632,,
CNTNAP1,7.73522395876881,13.465814005787216,2.0046339117504024,2.267386380402413,,
CITED4,17.299164351011303,29.18581714029652,5.412511561726086,2.2349094289161995,,
STEAP1,93.32947327019494,154.23399301782712,32.42495352256275,2.215447052983126,,
ENSG00000287382,2.384081207582268,4.567699023989496,0.20046339117504022,2.2134898163560663,,
ACSL5,10.481366646676939,17.855550730140756,3.107182563213123,2.1987683078386584,,
ENSG00000233287,4.163192998602002,7.4744165847100845,0.851969412493921,2.1940537793872155,,
DKK1,13.98026946217109,23.550344318491298,4.410194605850885,2.1819908643290535,,
MAOA,6.284422010766309,10.915021044338536,1.653822977194082,2.166637455316518,,
SERPINA1,20.80471525289922,34.64332766246579,6.966102843332648,2.161686022913975,,
SLC16A9,13.907141317498438,23.25374048576471,4.560542149232165,2.1249098045396067,,
NEURL3,1.804680920256424,3.559245992719088,0.050115847793760056,2.118246758038515,,
FCGBP,1.7156997704384467,3.3812836930831334,0.050115847793760056,2.060805140391294,,
AFF3,4.407124151177039,7.711699650891357,1.1025486514627212,2.0508150320125598,,
SYNGR3,6.40510917087493,10.855700277793217,1.954518063956642,2.004586155951872,,
PLA2G4C,2.1125352987525576,3.974491358536315,0.2505792389688003,1.9919525455206417,,
RASGRP3,6.345788404329612,10.737058744702582,1.954518063956642,1.9900761960025672,,
STEAP2,80.05798577452882,128.19217650443247,31.92379504462516,1.9723161609832085,,
CX3CL1,3.168547345458932,5.635472821805223,0.7016218691126408,1.963288790990788,,
GABARAPL1,150.4717437204089,239.95250067581182,60.990986765005985,1.9586183999449513,,
CYP24A1,14.257952252054757,23.25374048576471,5.262164018344806,1.9534740601902312,,
ETS1,266.4765844336748,423.55027313357147,109.4028957337782,1.9431573879214024,,
FAM107B,92.916786348053,147.9459917640234,37.8875809320826,1.9374079028395959,,
ATP2B4,16.93096679529023,27.346873377391656,6.515060213188807,1.9153330479311832,,
DNTTIP1,287.3145409242016,454.10046790441027,120.52861394399292,1.904889032839244,,
TNIP1,242.5580401424862,383.33079341584573,101.78528686912667,1.9027148071859834,,
PRDM1,24.635507960106764,39.448309752636554,9.822706167576971,1.902018133320734,,
APOL3,1.9345729991166032,3.618566759264406,0.2505792389688003,1.8848487495603197,,
COL27A1,17.08131433867151,27.346873377391656,6.815755299951368,1.858732412168581,,
GOLGA7B,90.90141470719036,142.96304737421667,38.839782040164046,1.8534168866242289,,
ENSG00000289839,1.3050568639969988,2.6101137279939977,0.0,1.8520442864832305,,
PTPN11P3,1.6471740851415704,3.1440006269018608,0.15034754338128015,1.848954426745193,,
PIK3CD,23.720638538030112,37.66868675627701,9.77259031978321,1.8438005748988306,,
IFIH1,20.497884090741447,32.62642159992497,8.369346581557929,1.8435749178135739,,
CGN,9.173752950322147,14.88951240287485,3.4579934977694435,1.8336084363160299,,
CACNG8,26.557808002774202,41.93978194753991,11.175834058008492,1.8182942631793986,,
CD82,236.1519093665904,368.2633187133349,104.04050001984588,1.8137042685776124,,
IL2RG,1.6722320090384506,3.1440006269018608,0.20046339117504022,1.7874328128544685,,
SEMA7A,27.89866213109782,43.71940494389946,12.077919318296173,1.773767963177622,,
SLC26A4,10.726832220930152,17.14370153159694,4.309962910263365,1.772695123847059,,
BIRC2,75.16504575087843,116.8025893277314,33.52750217402548,1.7705533762112504,,
WNT10A,82.59343854748948,128.2514972709778,36.93537982400116,1.7685651053181937,,
KCNQ4,9.670820174223778,15.482720068328032,3.8589202801195244,1.762246675978599,,
GPR37L1,2.609602522654188,4.567699023989496,0.6515060213188808,1.7532989951399118,,
INHBA,1.8409893899228469,3.3812836930831334,0.3006950867625603,1.7520708334688215,,
SDR16C5,3.918750640687157,6.5846050865303125,1.2528961948440014,1.751293223482176,,
ENSG00000289009,6.849503714625007,11.09298334397449,2.606024085275523,1.745689264025816,,
PLEK,3.973468947856696,6.64392585307563,1.3030120426377616,1.7307918289616369,,
SQSTM1,451.0526657264898,693.2224778485877,208.88285360439193,1.7258137677901202,,
MEFV,15.45919817742682,24.202872750489796,6.715523604363847,1.7077522168254862,,
GJB2,93.612784152769,143.6748965727605,43.55067173277749,1.6992955228275073,,
ITGA2,114.57245021408403,175.47082744105103,53.67407298711702,1.6905009505987707,,
TIFA,33.323956243295385,51.312463061700186,15.335449424890578,1.6791485518616676,,
SLC22A4,17.577870357233333,27.28755261084634,7.868188103620328,1.6734560859779541,,
ECE1,439.341417598824,666.9433782690118,211.73945692863626,1.6506381745303054,,
ENSG00000289850,11.746024592630294,18.330116862503303,5.161932322757285,1.6493956172746627,,
KRT7,3.964264029105138,6.525284319984994,1.4032437382252816,1.6467631159804215,,
ENSG00000277117,2.60039760390263,4.449057490898859,0.7517377169064008,1.6372199321478162,,
ITGA1,93.93086666635506,142.60712277494477,45.25461055776533,1.6344582246446189,,
JAG1,103.11740458412493,156.3695406134586,49.86526855479126,1.6294035222922123,,
UBA52P3,1.5489880165720353,2.8473967941752703,0.2505792389688003,1.6212861548114361,,
SOD2,129.86493744330318,196.23309573191236,63.49677915469399,1.6126026343645357,,
PARP8,15.734835340292502,24.202872750489796,7.2667979300952075,1.608187661006708,,
ROBO3,5.8891209041303725,9.372681114160264,2.4055606941004823,1.6068245985658929,,
CLDN1,40.01953317150169,60.74446494240576,19.29460140059762,1.6052138078517268,,
EDN1,2.62545552779951,4.449057490898859,0.8018535647001609,1.5965249431504454,,
TAFA3,1.0084530312704083,2.0169060625408166,0.0,1.5930697759621133,,
SLC26A4-AS1,4.922090007241977,7.8896619505273105,1.954518063956642,1.5892057387681715,,
P4HA2,211.71737922563347,317.8406671498145,105.59409130145244,1.580708183212899,,
TTYH2,4.38155502194035,7.059171218892857,1.703938824987842,1.5755689720608064,,
STX11,6.053275825638991,9.55064341379622,2.5559082374817628,1.5690409819419275,,
CD70,13.593150863607095,20.821589057406662,6.364712669807527,1.567055017631608,,
ANK3,21.415822356174452,32.507780066834336,10.32386464551457,1.5651296994385913,,
SEMA4A,0.9787926479977491,1.9575852959954982,0.0,1.5644197761171323,,
CLEC1A,0.9787926479977491,1.9575852959954982,0.0,1.5644197761171323,,
ENSG00000291067,8.092171774379084,12.576002507607443,3.608341041150724,1.558739343708548,,
SIGLEC15,5.314323076180308,8.423548849435175,2.2050973029254424,1.5559023160707754,,
MAST4,24.442204666324045,36.956837557733195,11.927571774914894,1.553908481828978,,
PLAUR,63.25435583705846,94.73526417287304,31.773447501243876,1.5465229999616406,,
WFDC3,7.239179951205545,11.270945643610446,3.2074142588006436,1.5442406557346247,,
NRP1,158.23407606404507,235.68140548454892,80.7867466435412,1.5330073856115407,,
AKAP12,445.1487206731637,662.0197546457504,228.27768670057705,1.5319558973157603,,
NUAK2,20.916198299915028,31.558647802109242,10.273748797720812,1.5300734573316896,,
SMOX,32.18714555484297,48.28710396788896,16.087187141796978,1.5282952900067979,,
PDLIM4,216.46559899293425,321.8744792748962,111.05671871097229,1.5267442588630966,,
IL24,16.779085635889523,25.389288081396156,8.16888319038289,1.5251345076567637,,
IRF1,54.685572303298855,81.50673323326711,27.864411373330594,1.5152200550063597,,
CIITA,4.287971412746593,6.821888152711585,1.754054672781602,1.5059597069665793,,
APOL6,17.613667621559948,26.457061879211885,8.770273363908009,1.4907064208226557,,
CYLD,43.33229198494669,64.36303170167017,22.301552268223222,1.488048835459301,,
PSMB10,11.640679232327185,17.618267663959486,5.663090800694886,1.4824553845786397,,
KLK10,16.046780972824607,24.024910450853845,8.068651494795368,1.4644049629471496,,
PAPSS2,1.7085404787048735,2.9660383272659065,0.4510426301438405,1.4506087147192452,,
MMD,34.33036445320655,50.719255396247,17.9414735101661,1.4491529383201203,,
POLN,2.32885169507292,3.8558498254456786,0.8018535647001609,1.4302420355793646,,
BID,75.67745638590308,110.81119190665427,40.54372086515189,1.4283622619775498,,
ENSG00000288833,3.0335416018831634,4.864302856716086,1.2027803470502412,1.4126339699989243,,
C1QTNF1,29.693627732921623,43.60076341080883,15.786492055034417,1.4097676286808452,,
GULP1,29.26252936195907,42.88891421226501,15.636144511653136,1.3995354568762277,,
LINC00460,2.2695309285276015,3.7372082923550423,0.8018535647001609,1.3945553386326779,,
UNC5A,13.41927981800711,19.87245679268157,6.966102843332648,1.3896544126238295,,
ZC3H12A,24.539368324213957,35.94838452646278,13.130352121965133,1.3867138701767374,,
PLCB4,36.393807120503716,53.09208605805973,19.695528182947704,1.386098467091402,,
LINC02454,2.071113164370546,3.4406044596284513,0.7016218691126408,1.3838455911339609,,
HELZ2,110.49875198761606,160.10674890581365,60.89075506941847,1.3802211029995592,,
ITGAM,0.8008303483617948,1.6016606967235896,0.0,1.3794328209821614,,
CXCR2,0.8008303483617948,1.6016606967235896,0.0,1.3794328209821614,,
TNFRSF18,16.545893823744223,24.321514283580434,8.770273363908009,1.3738928505119967,,
NINJ1,72.72317980974653,105.353681384485,40.092678235008044,1.3719167053743784,,
IFNGR1,42.97534497499517,62.346125639129355,23.604564310860987,1.3643304143408168,,
KIAA0040,36.34573689972794,52.79548222533314,19.895991574122743,1.3642587992730388,,
MPZL2,577.7260580293126,831.2025808329977,324.2495352256276,1.355387767121159,,
SERPINE1,473.7592392537341,681.0023999402522,266.516078567216,1.3501512113663727,,
LINC02457,10.105498593882487,14.948833169420169,5.262164018344806,1.348717677926527,,
ZMIZ2,326.2975071877196,468.218810342196,184.37620403324325,1.339804787072608,,
NPHS1,2.8852396855198688,4.567699023989496,1.2027803470502412,1.3377555826744136,,
NFKB1,108.07120301863378,155.30176681564285,60.840639221624706,1.3377069494678242,,
MET,48.833783085173266,70.3544291227473,27.31313704759923,1.3335313773966377,,
STAP2,42.79482584300142,61.63427644058554,23.955375245417308,1.327601786962661,,
EMP3,95.37042048556427,136.61572535386767,54.12511561726086,1.3198636546357412,,
CMIP,110.18476153372471,157.6745974774556,62.69492558999383,1.316820836436216,,
IL17C,1.530578179068919,2.6101137279939977,0.4510426301438405,1.3149543815557168,,
IL7R,0.8258882722586748,1.6016606967235896,0.050115847793760056,1.3088843275495856,,
LAMP3,5.699396853385067,8.54219038252581,2.856603324244323,1.3069897073726597,,
FRMD5,20.121504832607187,29.067175607205883,11.175834058008492,1.3041687512634543,,
DUSP5,69.94891116024391,99.95549162886105,39.942330691626765,1.3020542534447608,,
MAP4K4,246.43947037639106,351.0009756486474,141.87796510413472,1.3007959890431362,,
FOSL1,153.03328327321606,218.06313782058945,88.00342872584265,1.2994139196950643,,
SCLY,8.880729166291717,13.050568639969988,4.710889692613446,1.2988410949485982,,
JUNB,60.619184990826334,86.60831915616447,34.6300508254882,1.2979733310689583,,
APLF,6.796319829133643,10.084530312704082,3.508109345563204,1.2979532258047801,,
SAMD4A,56.87225976872118,81.26945016708584,32.475069370356515,1.2972697563020748,,
FOXO1,25.581061787453187,36.77887525809724,14.383248316809135,1.2962195768364448,,
GBP3,8.26041794992367,12.160757141790217,4.360078758057125,1.295916385961619,,
PKP1,7.471349352671228,11.033662577429173,3.909036127913284,1.2935641201085526,,
CXCL3,1.6696751766806561,2.788076027629952,0.5512743257313606,1.288011452727194,,
RNF128,3.0493946070284856,4.74566132362545,1.3531278904315216,1.2878932242274865,,
SLC2A6,182.85066700960266,259.7063159354028,105.9950180838025,1.2848819111493537,,
MARCHF4,2.2603260097760436,3.618566759264406,0.902085260287681,1.2798633058155815,,
ARHGAP31,25.96408993763996,37.194120623914465,14.734059251365457,1.2794596538139922,,
HLA-B,21.824931646596472,31.321364735927972,12.328498557264973,1.277973844319349,,
LAPTM5,24.66414673835855,35.295856094464284,14.032437382252816,1.2717258958383502,,
ENSG00000204876,30.853451523911676,44.01600877662605,17.6908942711973,1.2681025528932997,,
PMAIP1,53.02919410506447,75.33737351255402,30.721014697574915,1.2669506286217076,,
PPIF,271.1583362275779,383.4494349489364,158.86723750621937,1.2659195494408833,,
LAMC2,229.20576286732023,323.95070610398227,134.46081963065822,1.2623452527119892,,
CPEB2,7.154290055423537,10.49977567852131,3.808804432325764,1.257855559342101,,
SHH,117.60855267661871,166.15746709343608,69.05963825980135,1.2545523588657503,,
RNF207,34.527248601344176,49.05827393297809,19.996223269710264,1.2534787020165523,,
TMEM171,5.099541101538122,7.59305811780072,2.606024085275523,1.2527626196423822,,
WNT5A-AS1,20.23298707396425,28.88921330756993,11.576760840358572,1.2488645231375193,,
LAMB3,114.29937391186988,161.29316423672,67.30558358701975,1.2485268146339137,,
ENSG00000289056,1.0197035770399512,1.838943762904862,0.20046339117504022,1.2417628623464463,,
ENSG00000280032,6.8121728342789645,9.965888779613445,3.6584568889444844,1.235098699180292,,
LACTB,7.710678045870485,11.211624877065125,4.209731214675845,1.228974331229381,,
TM4SF1,84.20993306131376,118.40425002445498,50.015616098172536,1.2268433532746525,,
ISG20,2.2557235504002646,3.559245992719088,0.952201108081441,1.2236935701446536,,
IL1RAPL1,2.00258747907367,3.203321393447179,0.8018535647001609,1.2220480025802798,,
C1QBPP2,1.3275579555360846,2.2541891287220888,0.40092678235008045,1.2159165436525936,,
RAC2,16.41753616656222,23.313061252310025,9.52201108081441,1.208321079725568,,
ENSG00000289029,0.7369071224406976,1.4236983970876351,0.050115847793760056,1.2066616888362487,,
RND1,1.7197910244744163,2.788076027629952,0.6515060213188808,1.1976830567097096,,
MYH15,1.5510336435900203,2.5507929614486797,0.5512743257313606,1.194687408970778,,
WNT5A,419.02918080664926,583.4197389732037,254.6386226400948,1.1928990870835439,,
MAFF,29.021667052740387,40.753366616633556,17.289967488847218,1.190840017612203,,
C15orf39,76.07020227149872,106.18417211611946,45.956232426877975,1.190703316440957,,
ABCG1,2.3651601647393425,3.677887525809724,1.0524328036689612,1.1885221850720504,,
HS3ST3A1,3.3480440667730615,5.042265156352041,1.653822977194082,1.1870173569155984,,
NIBAN1,6.465453153758614,9.372681114160264,3.558225193356964,1.1862447418767286,,
APOBEC3B,76.45323042168548,106.59941748193667,46.30704336143429,1.185543365587703,,
ALKAL2,2.112024093412748,3.321962926537815,0.902085260287681,1.1841047809903191,,
EXTL1,1.0447615009368312,1.838943762904862,0.2505792389688003,1.1827577985770075,,
CSMD2,1.0447615009368312,1.838943762904862,0.2505792389688003,1.1827577985770075,,
ALOX5AP,1.0447615009368312,1.838943762904862,0.2505792389688003,1.1827577985770075,,
KRT6B,17.83816652595225,25.152005015214886,10.524328036689612,1.182238926790824,,
G0S2,3.740277135711393,5.576152055259904,1.904402216162882,1.179002398920278,,
PLEK2,79.01629714524208,109.92138040847449,48.11121388200965,1.1754130886522351,,
LRRN4,231.41086097590446,321.0439885432617,141.7777334085472,1.1734867574646646,,
SYNGR2,207.62322956293815,288.0023215775195,127.24413754835678,1.1721882049377181,,
ICOSLG,9.101648021987858,12.991247873424669,5.212048170551046,1.1713837195163601,,
CTHRC1,6.237375006328899,9.016756514888355,3.4579934977694435,1.1679490134864952,,
TAPBPL,20.047865482594723,28.118043342480792,11.977687622708654,1.1658800680042394,,
ZSWIM4,9.379842017211333,13.34717247269658,5.412511561726086,1.1618050129215272,,
SALL4,6.992180760932904,10.025209546158763,3.959151975707045,1.1526407327828176,,
CCDC28B,5.532685099518655,8.008303483617947,3.0570667154193636,1.1508184048744545,,
SLFN5,30.503663805693726,42.41434807990247,18.592979531484982,1.1478351132346987,,
NRIP1,19.448009730747778,27.168911077755702,11.727108383739852,1.1461991204973092,,
ENSG00000287263,3.651295985893416,5.3981897556239495,1.904402216162882,1.139422521309261,,
SMAD3,93.54886495514164,128.9633464695216,58.13438344076166,1.1360356691931484,,
NFKBIB,64.9383520141825,89.63367824997569,40.243025778389324,1.1358970565334756,,
DAP,311.06025511062103,427.82136832483434,194.29914189640772,1.1346911872675012,,
KLF6,148.9590730357495,204.95324841407412,92.9648976574249,1.1321230645428784,,
DGAT2,13.942939387483797,19.516532193409663,8.369346581557929,1.1307665571197785,,
DNAH5,1.1541981152759093,1.9575852959954982,0.3508109345563204,1.1305940132712395,,
VNN1,0.5932076654531813,1.1864153309063625,0.0,1.1285674810298487,,
IL34,0.5932076654531813,1.1864153309063625,0.0,1.1285674810298487,,
SFRP5,72.10338141003578,99.30296319686255,44.90379962320901,1.127678746577616,,
PARP12,30.79310834668674,42.59231037953842,18.993906313835062,1.1245133016467401,,
ARRDC4,6.565684849346134,9.372681114160264,3.7586885845320044,1.1241528972303705,,
ATP2C2,2.9762664623558304,4.449057490898859,1.5034754338128016,1.122074413747203,,
DCBLD2,474.98657437592885,651.2826959010478,298.6904528508099,1.1220242313760846,,
STC2,204.67202183013796,280.6465465259001,128.69749713437582,1.1187351426105703,,
F2RL1,33.14190430094095,45.736311006440275,20.547497595441623,1.1170235311189194,,
SLC5A2,1.2932951128876464,2.1355475956314525,0.4510426301438405,1.1116275140211591,,
ZNF697,52.5300820598036,72.13405211910684,32.92611200050035,1.1081471954449045,,
ST3GAL4,62.386024631055655,85.48122459180343,39.290824670307885,1.1019356172848818,,
ICAM2,7.73778159678535,10.915021044338536,4.560542149232165,1.0994840428774124,,
KISS1,0.6479259726227203,1.2457360974516807,0.050115847793760056,1.0966399092537464,,
INAVA,39.14608749512455,53.685293723512906,24.60688126673619,1.0946213537250795,,
MGLL,9.892762246258286,13.821738605059124,5.963785887457447,1.089770936313068,,
CCDC71L,23.452162278215503,32.270497000653066,14.633827555777938,1.0895723878597403,,
OPTN,106.9886010433286,145.86976493493728,68.1074371517199,1.0876245458464169,,
SQOR,3.5326544528027792,5.160906689442677,1.904402216162882,1.0849014265500159,,
ARFRP1,105.6635999201503,143.9715004054871,67.35569943481352,1.0846357736731809,,
NOD2,8.770781346612829,12.279398674880852,5.262164018344806,1.0844566181505864,,
IKZF3,0.8714016606766557,1.5423399301782712,0.20046339117504022,1.08256553411593,,
DNMBP,59.047185483034156,80.55760096854202,37.536769997526285,1.0815836832426278,,
DRAM1,14.848092685469082,20.524985224680073,9.17120014625809,1.08152232791644,,
S1PR1,0.7870229702344577,1.4236983970876351,0.15034754338128015,1.0751403877395176,,
LRRC32,0.7870229702344577,1.4236983970876351,0.15034754338128015,1.0751403877395176,,
KDM6B,75.8947976098793,103.27745455539886,48.512140664359734,1.0745730409041558,,
SPON1,1.0948773487305912,1.838943762904862,0.3508109345563204,1.0715285079205847,,
FAM167A,1.4027317272267248,2.2541891287220888,0.5512743257313606,1.0688442671582798,,
C4orf50,0.7026442797922595,1.3050568639969988,0.10023169558752011,1.0669949712800895,,
WAKMAR2,0.7026442797922595,1.3050568639969988,0.10023169558752011,1.0669949712800895,,
RCSD1,0.7026442797922595,1.3050568639969988,0.10023169558752011,1.0669949712800895,,
PPP1R15A,117.45053624748155,159.2762581741792,75.62481432078393,1.0646771560247295,,
ASB9,1.010498658288393,1.7203022298142256,0.3006950867625603,1.0644841456910599,,
LEISA1,6.889392232987589,9.669284946886854,4.109499519088324,1.062209600617778,,
KIFC3,57.56007506536523,78.1847703067293,36.93537982400116,1.061678999246684,,
EGFR,426.61457406698787,577.1910584859454,276.03808964803034,1.0614619538424392,,
GFPT2,18.001810242121056,24.67743888285234,11.326181601389772,1.0587753608842179,,
TMEM204,12.515149736360192,17.262343064687574,7.767956408032808,1.0585593447210917,,
IGSF3,36.0261215757812,48.99895316643277,23.053289985129627,1.0556636514516429,,
GJB3,85.81415220171263,116.15006089573289,55.47824350769238,1.0525905780080709,,
ENSG00000227619,20.013091434606473,27.346873377391656,12.679309491821293,1.0511942093091735,,
HMGA2,94.96080240677867,128.42945957061374,61.49214524294359,1.0504192568005626,,
CAV2,24.909101107271955,33.93147846392197,15.886723750621938,1.0486382524121176,,
JUN,58.490286287247386,79.1932233379997,37.78734923649508,1.0478941439620832,,
MSANTD3,49.14061585864853,66.55790006384694,31.723331653450114,1.0458048442673455,,
PIK3R1,48.351547261396085,65.4308054994859,31.27228902330627,1.0415564981928533,,
TICAM1,28.03776074002705,38.08393212209424,17.99158935795986,1.0412149739805612,,
B2M,32.62591603419639,44.25329184280732,20.99854022558546,1.040614948545614,,
ZC3H7B,200.57019603075798,270.08745008083343,131.05294198068256,1.0376418821773123,,
GRK3,19.696032137358785,26.812986478483793,12.579077796233774,1.0343731611192055,,
MOSPD1,128.8196703766378,173.3946006119649,84.24474014131066,1.0326726505409818,,
CCDC9B,129.31213514116362,173.92848751087277,84.69578277145449,1.0294691408008676,,
KRT17,1.7356440296197384,2.669434494539316,0.8018535647001609,1.0260759738011596,,
C15orf62,10.013449406366906,13.762417838513805,6.264480974220008,1.022997399864146,,
SLC8B1,23.157604072506892,31.380685502473288,14.934522642540497,1.022977727650335,,
SERPINB8,11.215206537078782,15.364078535237397,7.0663345389201675,1.0205472205302548,,
NPIPA9,1.1199352726274712,1.838943762904862,0.40092678235008045,1.0189727136420896,,
IL18RAP,0.5886052060774022,1.1270945643610444,0.050115847793760056,1.0183356792652083,,
IRF2,27.572399526416064,37.253441390459784,17.89135766237234,1.0178631552704842,,
ZNF469,17.67094356674603,23.965589684308526,11.376297449183532,1.0123612076302069,,
LHFPL6,9.954128639821588,13.64377630542317,6.264480974220008,1.0113560103441743,,
CT75,0.5042265156352042,1.0084530312704083,0.0,1.006084723596189,,
KRT2,0.5042265156352042,1.0084530312704083,0.0,1.006084723596189,,
PRR29,3.9704009101590927,5.635472821805223,2.3053289985129624,1.0054053922642867,,
PLK2,54.00645394270154,72.43065595183344,35.58225193356964,1.005238600170426,,
TRPV3,0.7277022036891395,1.3050568639969988,0.15034754338128015,1.0027325467520165,,
ALOXE3,4.640827974320898,6.525284319984994,2.7563716286568027,1.0024062907219626,,
RAPH1,13.137506579746223,17.855550730140756,8.41946242935169,1.0012726567197923,,
PAM,295.2814980053598,196.351737265003,394.2112587457166,-1.0018548277172106,,
DNAJC22,33.1869129292891,21.770721322131756,44.603104536446445,-1.0019520491875333,,
CACFD1,9.141538151667937,5.754114354895858,12.528961948440015,-1.0022126371649136,,
PIP5K1B,1.9279257183815866,0.94913226472509,2.906719172038083,-1.0031255608394356,,
DHCR24,640.080512806406,425.6858207292029,854.475204883609,-1.0035518713232072,,
RAB11FIP4,35.19256925171912,23.07577818612875,47.3093603173095,-1.0047203194800542,,
IL20RA,10.673139547075222,6.762567386166267,14.583711707984177,-1.0054331011280515,,
PER3,6.313061594676844,3.8558498254456786,8.770273363908009,-1.0086751233927505,,
SNAI3-AS1,4.437297351107002,2.6101137279939977,6.264480974220008,-1.008815438743381,,
FNDC4,4.437297351107002,2.6101137279939977,6.264480974220008,-1.008815438743381,,
DOC2A,3.1951404966927344,1.779622996359544,4.610657997025925,-1.0132807529069727,,
SCDP1,6.602506135669862,4.033812125081633,9.17120014625809,-1.014766641904637,,
COL2A1,2.930753879596597,1.6016606967235896,4.259847062469604,-1.0155880307361047,,
PALLD,9.032101537328858,5.635472821805223,12.428730252852493,-1.0170517218377761,,
DLX4,6.073732901477587,3.677887525809724,8.46957827714545,-1.0174430031971702,,
FGFR4,34.70470694656905,22.601212053766208,46.80820183937189,-1.0183971921841999,,
CHST6,8.87254907519602,5.516831288714586,12.228266861677454,-1.0213815040047074,,
ERG28,68.37487972163244,44.78717874171519,91.9625807015497,-1.0217064459141605,,
FBLN1,14.629733884765724,9.313360347614946,19.9461074219165,-1.0221676866001255,,
DTX1,1.0549896360267554,0.3559245992719088,1.754054672781602,-1.0222802449505446,,
SLC27A2,33.2687347873735,21.53343825595048,45.004031318796535,-1.0296928261882339,,
PRXL2A,16.13167489690035,10.262492612340036,22.000857181460663,-1.0301614679220374,,
APBB2,31.657357160899807,20.465664458134757,42.84904986366485,-1.0305147508665455,,
INHBE,0.9752134049603363,0.29660383272659063,1.653822977194082,-1.0333343965868447,,
TNFRSF13C,1.60882079411591,0.7118491985438176,2.5057923896880028,-1.0341849469403879,,
SHISA4,4.592247353864062,2.669434494539316,6.515060213188807,-1.0342269205825647,,
HYKK,2.242428183271484,1.1270945643610444,3.3577618021819235,-1.0347031673534002,,
ZBTB18,20.24782169672369,12.931927106879352,27.56371628656803,-1.0357888638878388,,
USH1C,13.831971574101534,8.720152682161766,18.9437904660413,-1.0368887500632944,,
NHSL1-AS1,3.6942533476123502,2.0762268290861345,5.3122798661385655,-1.03699928523368,,
NAPEPLD,2.427038569301202,1.2457360974516807,3.608341041150724,-1.0370590849642336,,
SLC44A3,1.1598237909900544,0.4152453658172269,1.904402216162882,-1.0371890592014126,,
TCEA3,4.6970815088273605,2.728755261084634,6.6654077565700875,-1.0396684290539366,,
VEPH1,1.3444341770197727,0.5338868989078631,2.1549814551316824,-1.0404394154242675,,
NUAK1,68.36311797052309,44.31261260935264,92.41362333169354,-1.0437202908514598,,
RAB39B,3.165480113420075,1.7203022298142256,4.610657997025925,-1.044403028598924,,
CDX2,79.49906189885151,51.549746127881455,107.44837766982155,-1.0452527716801416,,
NXPH3,5.355746821879815,3.1440006269018608,7.567493016857768,-1.0478488895669706,,
KCNH8,3.7193112715092305,2.0762268290861345,5.362395713932326,-1.0484082181761467,,
TMEM151A,3.9039216575389486,2.194868362176771,5.612974952901126,-1.0495429480921257,,
NPTX2,58.904520521607466,38.02461135554892,79.784429687666,-1.049692991596834,,
HMGCR,126.93728302209533,82.27790319835624,171.59666284583443,-1.051398920795772,,
CST5,19.949172236979116,12.63532327415276,27.263021199805472,-1.0515667871249876,,
EDAR,149.76300203684133,97.10809483468577,202.41790923899688,-1.0520026196808387,,
BMF,5.460580976843114,3.203321393447179,7.717840560239049,-1.0524410468779497,,
GALM,23.247101261617164,14.770870869784215,31.723331653450114,-1.0530573123958709,,
RERE,280.09640015214427,181.81814946140005,378.37465084288846,-1.0532139810335193,,
SLC16A5,32.74660963957499,20.940230590497297,44.55298868865269,-1.0539670225359234,,
SLC25A35,5.011583973717258,2.9067175607205886,7.116450386713928,-1.0548919648348458,,
PIK3CD-AS2,2.821317265257519,1.4830191636329533,4.159615366882085,-1.0551681251750686,,
GNAL,37.89064252451023,24.262193517035115,51.51909153198534,-1.0558620470876077,,
NKX3-2,1.8184891040425084,0.8304907316344537,2.806487476450563,-1.0562298628351408,,
ABHD4,14.880313123734524,9.313360347614946,20.447265899854102,-1.056279269510517,,
ULBP1,2.3723202621316632,1.1864153309063625,3.558225193356964,-1.0599047198598746,,
SNPH,18.67735499929219,11.74551177597299,25.60919822261139,-1.0619357366501965,,
RAB26,4.8520315115844195,2.788076027629952,6.915986995538887,-1.0633039559679067,,
ACAT2,53.712417415896454,34.40604459628451,73.0187902355084,-1.0638958750525322,,
DHRS2,15.958315056640174,9.965888779613445,21.950741333666905,-1.0655180085584381,,
KRT8P42,4.218424122428846,2.372830661812725,6.064017583044967,-1.0665290465675508,,
GRTP1,2.292544031065244,1.1270945643610444,3.4579934977694435,-1.067510339650752,,
CLU,235.62012771344786,151.8018415894691,319.4384138374266,-1.0683851759126777,,
CFAP44,3.030985575184117,1.6016606967235896,4.460310453644644,-1.0695501589542864,,
FSTL4,26.745493677430254,16.906418465415666,36.584568889444846,-1.0696636486655278,,
ENSG00000233569,0.735884711761079,0.11864153309063626,1.3531278904315216,-1.0728319308713852,,
TSPOAP1,10.679787633468985,6.525284319984994,14.834290946952976,-1.073234269661102,,
DIRAS2,2.0281574139691068,0.94913226472509,3.107182563213123,-1.0753170834737713,,
TSPAN2,3.6896508882365713,2.0169060625408166,5.362395713932326,-1.0765003281966403,,
PTPRZ1,11.997118259573895,7.355775051619448,16.63846146752834,-1.0778791670579857,,
DBP,6.748251219675362,3.974491358536315,9.52201108081441,-1.0807895516771293,,
MCTP1,5.640588903497053,3.262642159992497,8.01853564700161,-1.0811452508493238,,
ENSG00000260328,2.686822727021561,1.364377630542317,4.009267823500805,-1.0831392718324622,,
KLK3,1.9483811829026876,0.889811498179772,3.006950867625603,-1.0842624818169835,,
RASAL1,13.075120192479543,8.008303483617947,18.14193690134114,-1.087409481386695,,
EGLN3,19.297155010320424,11.982794842154263,26.611515178486588,-1.0886690680879354,,
TMEM45B,158.73220356458745,100.96394466013145,216.50046246904344,-1.0929593757258913,,
CCDC170,3.8195429670967505,2.0762268290861345,5.562859105107367,-1.0931625749190548,,
RAB9B,1.6839945658065503,0.7118491985438176,2.6561399330692828,-1.0947656719585175,,
CRABP2,223.88995370898664,142.07323587603693,305.7066715419364,-1.1001057304691013,,
SYT13,0.9455530216876773,0.2372830661812725,1.653822977194082,-1.1008965406909175,,
IFITM1,15.126289903327546,9.254039581069629,20.99854022558546,-1.1012154211494756,,
PSAT1,149.70419328129455,94.73526417287304,204.67312238971607,-1.10323092729124,,
RETREG1,7.217703687322319,4.2117744247175875,10.223632949927051,-1.1066931860751048,,
RARRES2,11.6186925687629,6.999850452347539,16.237534685178257,-1.107508518813826,,
ESPN,34.73129929214411,21.652079789041117,47.8105187952471,-1.107548569216139,,
LINC02313,1.4196079487104127,0.5338868989078631,2.3053289985129624,-1.1076017689633912,,
CDK15,9.009089240449963,5.338868989078632,12.679309491821293,-1.109698051299305,,
DPYSL2,199.85122701775924,125.81934584261975,273.8831081928987,-1.1160434144138567,,
FDFT1,98.01328519297344,61.5156349074949,134.51093547845198,-1.1161203268525428,,
ALDOC,2.183107416726166,1.0084530312704083,3.3577618021819235,-1.117502616454995,,
VSNL1,10.745756486408068,6.406642786894358,15.084870185921776,-1.1188126280483657,,
SUSD4,11.693866340453539,6.999850452347539,16.38788222855954,-1.120037293209749,,
RRBP1,464.2378473365317,292.15477523569183,636.3209194373715,-1.12035745941426,,
RUNDC3B,1.8138866446667294,0.7711699650891356,2.856603324244323,-1.1226281006986545,,
COL9A3,433.5127470245319,272.40095997610086,594.624534072963,-1.123384871875549,,
EFNA3,2.946606884741919,1.4830191636329533,4.410194605850885,-1.1235850929344202,,
F10,2.287941571689465,1.0677737978157262,3.508109345563204,-1.1244441369340636,,
LINC01979,1.6292762586370113,0.6525284319984994,2.606024085275523,-1.1257339390887622,,
ESRP1,48.280474411646395,29.956987105385657,66.60396171790713,-1.1268427258503482,,
DGUOK-AS1,2.103331185659747,0.94913226472509,3.2575301065944036,-1.127184739084792,,
DES,0.9706109455845573,0.2372830661812725,1.703938824987842,-1.1278869133679361,,
MTCO2P2,26.309792847091927,16.135248500326533,36.48433719385732,-1.1293207779368535,,
TDGF1,1.9187207996300284,0.8304907316344537,3.006950867625603,-1.1302743510289996,,
SNX10-AS1,7.422769537873139,4.271095191262905,10.574443884483372,-1.134768227008066,,
HIVEP3,23.460860825579736,14.29630473742167,32.6254169137378,-1.1363689849141787,,
PC,20.24731049138388,12.279398674880852,28.21522230788691,-1.1375304480041777,,
EPS8L3,45.79155824344207,28.236684875571427,63.34643161131272,-1.1380804102039455,,
BAMBI,188.3133338964011,117.27715546009395,259.3495123327083,-1.1382782518963035,,
OLFML2A,12.108600500930955,7.1778127519834936,17.039388249878417,-1.1413634800233852,,
KRT18P39,13.555823205896044,8.067624250163266,19.04402216162882,-1.1443755238553788,,
PITPNM3,2.4178336505496443,1.1270945643610444,3.708572736738244,-1.146405643472238,,
RGS9,1.9437787235269086,0.8304907316344537,3.0570667154193636,-1.1482065579469993,,
ADAMTS19-AS1,3.4707776595584146,1.779622996359544,5.161932322757285,-1.1484936154333258,,
ACSL6,8.34121900864595,4.8049820901707685,11.877455927121133,-1.1494840813364315,,
CXCL14,1.4697237965041727,0.5338868989078631,2.4055606941004823,-1.1507002345020063,,
TRPV4,6.734443841548026,3.79652905890036,9.672358624195692,-1.1538163490273217,,
PADI3,0.9956688694814373,0.2372830661812725,1.754054672781602,-1.1543816012644805,,
PRR15,9.050000169492165,5.220227455987995,12.879772882996335,-1.1579447193748782,,
GREB1,3.2063910424622772,1.6016606967235896,4.811121388200965,-1.1593837703737497,,
EPHA1,14.734056834389214,8.720152682161766,20.747960986616665,-1.1618292645401282,,
GNG7,1.3899475654377538,0.474566132362545,2.3053289985129624,-1.1645033518255543,,
DNAH3,9.59922886820554,5.516831288714586,13.681626447696495,-1.1717692491995595,,
SYNE1,1.7842262613940703,0.7118491985438176,2.856603324244323,-1.1717751469928528,,
COL4A2-AS2,2.178504957350387,0.94913226472509,3.407877649975684,-1.1772521867002854,,
GSDMA,3.7305618172787733,1.89826452945018,5.562859105107367,-1.1791351828083494,,
SOX8,1.3101713343713346,0.4152453658172269,2.2050973029254424,-1.179315956405668,,
TMEM135,12.648624280892776,7.355775051619448,17.9414735101661,-1.1807030076463225,,
CRYBG2,34.5620307059199,20.762268290861346,48.361793120978454,-1.1815658657417574,,
ACOT1,4.229674668198389,2.194868362176771,6.264480974220008,-1.185103236040946,,
PADI1,48.23649544490658,29.067175607205883,67.40581528260728,-1.1859296228774807,,
FXYD6,2.677617808270002,1.2457360974516807,4.109499519088324,-1.1859935818835141,,
NANOS1,22.115915443220153,13.109889406515308,31.121941479924995,-1.1868524131981386,,
KALRN,20.379248197262047,12.04211560869958,28.716380785824512,-1.188080504692371,,
JCAD,3.071896504226319,1.4830191636329533,4.660773844819685,-1.1889038911938083,,
KCNE3,3.755619741175653,1.89826452945018,5.612974952901126,-1.190110159184479,,
MUC16,2.5978415772035834,1.1864153309063625,4.009267823500805,-1.1960322671814656,,
PPL,126.67085238929872,76.5831096100057,176.7585951685917,-1.1961048133967367,,
BMP8B,16.167472161226964,9.432001880705583,22.902942441748344,-1.1961721894916197,,
VANGL2,0.9409505623118982,0.1779622996359544,1.703938824987842,-1.1987691450261353,,
KLHDC7A,11.511301581441804,6.5846050865303125,16.437998076353296,-1.2010884551721663,,
PPM1H,37.0939034301844,22.067325154858345,52.12048170551046,-1.2034175079245788,,
KBTBD7,6.830073077759766,3.7372082923550423,9.92293786316449,-1.2052519267366246,,
ARID5B,24.68205101013309,14.533587803602941,34.83051421666324,-1.205797659842877,,
GPX8,14.6108128419228,8.423548849435175,20.798076834410423,-1.2098584796536462,,
SLC7A8,449.072184148475,270.44337468010536,627.7009936168447,-1.2117227718258687,,
RGCC,35.981638654630316,21.29615518976921,50.66712211949142,-1.2124515779793443,,
GDF15,27.068178650392092,15.89796543414526,38.23839186663893,-1.2154163636867197,,
RASGEF1B,2.0440104191144286,0.8304907316344537,3.2575301065944036,-1.217786262948175,,
CYP26A1,1.6497317231581121,0.5932076654531813,2.706255780863043,-1.2180281237976878,,
MEGF10,1.6497317231581121,0.5932076654531813,2.706255780863043,-1.2180281237976878,,
COL4A2-AS1,1.2554530272017956,0.3559245992719088,2.1549814551316824,-1.2183545703071077,,
CRISPLD2,6.485910229597209,3.4999252261737697,9.47189523302065,-1.2185496349514895,,
LHX9,0.861174331245479,0.11864153309063626,1.6037071294003218,-1.2188193791479311,,
CD46,495.9289601630338,297.5529649913157,694.3049553347519,-1.2196589749509628,,
ZBTB7C,22.886062997629665,13.34717247269658,32.42495352256275,-1.2201591143227666,,
GPC2,2.9374019659903614,1.364377630542317,4.510426301438406,-1.2207034575138749,,
KRT71,6.406133998530791,3.4406044596284513,9.37166353743313,-1.2238193340467833,,
KRT74,26.11546633697084,15.245437002146758,36.98549567179492,-1.2254140943821952,,
SEPTIN4,10.373978881990837,5.813435121441177,14.934522642540497,-1.2257015517146665,,
PDZD7,3.541348971873276,1.7203022298142256,5.362395713932326,-1.2258031581126456,,
LGR4,6.61580230845739,3.559245992719088,9.672358624195692,-1.227011894872968,,
CYP51A1,17.625945411961595,10.143851079249401,25.108039744673786,-1.2282462569144725,,
ENSG00000287836,4.539574673712507,2.313509895267407,6.7656394521576075,-1.2287444986776686,,
NPFFR1,1.0708426411720773,0.2372830661812725,1.904402216162882,-1.231065660300891,,
NOS2,8.322809171142834,4.567699023989496,12.077919318296173,-1.2319798981067636,,
ADAMTS19,20.56590421030975,11.864153309063626,29.267655111555875,-1.2344204062659272,,
PNRC2P1,1.674789647054992,0.5932076654531813,2.7563716286568027,-1.2374054739070475,,
SOAT2,1.2805109510986756,0.3559245992719088,2.2050973029254424,-1.2410912011912105,,
SYTL1,24.344536248364296,14.059021671240396,34.6300508254882,-1.2424664949348658,,
SLC46A3,4.380022211579669,2.194868362176771,6.565176060982567,-1.2436171688479898,,
GPER1,6.58614192518473,3.4999252261737697,9.672358624195692,-1.2459061175072033,,
TNS1,0.9910664101056582,0.1779622996359544,1.804170520575362,-1.2512807149259386,,
LINC01124,20.317370598358934,11.567549476337035,29.06719172038083,-1.258486757606548,,
ENSG00000288758,3.1174098926443,1.4236983970876351,4.811121388200965,-1.2616064090870867,,
FAM178B,2.5134628867613857,1.0677737978157262,3.959151975707045,-1.2620150661367018,,
KCNJ11,4.639806369300028,2.313509895267407,6.966102843332648,-1.265513877387637,,
SH3PXD2A,4.035859363417113,1.9575852959954982,6.114133430838727,-1.266268257349834,,
FAIM2,1.4104030299588546,0.4152453658172269,2.4055606941004823,-1.2668401445993038,,
ARHGAP33,11.228505126842553,6.169359720713085,16.28765053297202,-1.2698256277958682,,
DNAH12,4.455195983270309,2.194868362176771,6.715523604363847,-1.272007577628017,,
VWA1,21.830562156263102,12.33871944142617,31.322404871100034,-1.276914372394238,,
ENSG00000287342,4.979366758086805,2.4914721949033614,7.467261321270248,-1.2780599314441017,,
SMIM14,7.86460724926542,4.152453658172269,11.576760840358572,-1.287428873090713,,
PLEKHB1,21.32224438659193,11.923474075608944,30.721014697574915,-1.2954449749383847,,
KREMEN1,54.66666495665463,31.202723202837333,78.13060671047192,-1.2970531246144958,,
LINC02432,18.88139843916339,10.49977567852131,27.263021199805472,-1.2973099726596833,,
MAML2,13.764980310482834,7.533737351255403,19.996223269710264,-1.2988802305677911,,
SORBS2,12.636862529783421,6.881208919256903,18.39251614030994,-1.2990111518589522,,
SYT7,42.20265106179158,23.965589684308526,60.43971243927463,-1.299230480366443,,
RUNX1,111.22290153500643,63.829144802762315,158.61665826725056,-1.2998967783875837,,
GPR155,54.158347186983455,30.78747783702011,77.5292165369468,-1.3047709527912914,,
CHAC1,3.926422749078034,1.838943762904862,6.013901735251206,-1.3048629478112956,,
KLF2,10.82502151213468,5.813435121441177,15.83660790282818,-1.30514725709917,,
TMEM150C,4.3457593689312315,2.0762268290861345,6.615291908776328,-1.3077374530638324,,
ECEL1,2.903139123341923,1.2457360974516807,4.560542149232165,-1.3080371489454778,,
DCDC2,12.502367991547464,6.762567386166267,18.24216859692866,-1.3096656079321467,,
PDZD4,6.312550389337035,3.203321393447179,9.421779385226891,-1.3099999434755873,,
KAT2B,5.0795984536743255,2.4914721949033614,7.667724712445289,-1.3118178505090503,,
PDE5A,3.532144053121718,1.6016606967235896,5.462627409519846,-1.3126879971952,,
REEP1,3.532144053121718,1.6016606967235896,5.462627409519846,-1.3126879971952,,
PLCD1,9.537351269302428,5.042265156352041,14.032437382252816,-1.3149175477669675,,
PPFIA4,2.299192117459008,0.889811498179772,3.708572736738244,-1.317047478127819,,
SPTB,37.671770101490814,21.118192890133255,54.22534731284838,-1.3200970680222932,,
SYNGR1,16.43134757298329,8.957435748343038,23.90525939762355,-1.3226042667454212,,
SLC2A3,1062.3172198584218,605.0718187622449,1519.5626209545987,-1.3270445652235217,,
ABCB1,53.23734088385285,29.897666338840338,76.57701542886537,-1.3281313957129468,,
PYROXD2,1.3807426466861956,0.3559245992719088,2.4055606941004823,-1.3286153893848462,,
IGFL1P1,5.444216766357982,2.669434494539316,8.218999038176648,-1.329052374171804,,
MMAB,20.56999546434572,11.270945643610446,29.869045285080993,-1.3309144315056645,,
ENSG00000258311,2.219415886392589,0.8304907316344537,3.608341041150724,-1.3320170188203686,,
ITGA7,100.0936056930718,56.35472821805222,143.83248316809136,-1.3364008783621046,,
KLK1,30.264853568763,16.728456165779715,43.80125097174629,-1.3374721082351868,,
TMEM139,24.94336958953162,13.703097071968488,36.183642107094755,-1.3385480104748158,,
LIPG,12.937557616545982,6.881208919256903,18.993906313835062,-1.3430715159454538,,
ABCB4,8.11518648823422,4.152453658172269,12.077919318296173,-1.3438014988438443,,
MYO3B,2.244473810289469,0.8304907316344537,3.6584568889444844,-1.3476216733140165,,
TMEM132E,1.8251371904362723,0.5932076654531813,3.0570667154193636,-1.3485027006589807,,
FBLN5,1.7203030354729731,0.5338868989078631,2.906719172038083,-1.3487654438344527,,
TNFRSF19,46.68495059597675,25.863854213758703,67.5060469781948,-1.3505650332080494,,
ENSG00000267968,1.0912981056931783,0.1779622996359544,2.0046339117504024,-1.350895855082447,,
PRUNE2,5.93872715790182,2.9067175607205886,8.97073675508305,-1.3517431533117985,,
MSX1,178.03498747325702,99.77752932922509,256.29244561728893,-1.352235106001404,,
BARX2,5.309722228122024,2.5507929614486797,8.068651494795368,-1.352746795880924,,
SALL2,5.309722228122024,2.5507929614486797,8.068651494795368,-1.352746795880924,,
DHCR7,339.9209126227902,190.36033984392589,489.4814854016545,-1.3579068221179853,,
CALHM3,18.878841606805594,10.143851079249401,27.61383213436179,-1.3604648411509292,,
ARHGEF3,74.86232598422532,41.52453658172269,108.20011538672796,-1.3606069616123881,,
CERS4,2.584034199076247,1.0084530312704083,4.159615366882085,-1.3611787976774181,,
ENSG00000213981,29.09326802666359,15.838644667599938,42.347891385727245,-1.3641857952952305,,
CHRND,16.283045656619997,8.660831915616448,23.90525939762355,-1.366231104113264,,
DKK3,14.161304633457135,7.4744165847100845,20.848192682204186,-1.3663279871491079,,
TBC1D10C,3.867101982532716,1.7203022298142256,6.013901735251206,-1.3664502725316656,,
IGFL2-AS1,27.755481936037587,15.067474702510806,40.443489169564366,-1.3670022691823733,,
LRRC10B,2.9235945878630236,1.1864153309063625,4.660773844819685,-1.3724318062624983,,
SV2A,10.387275054778364,5.338868989078632,15.435681120478097,-1.3745338892279235,,
FGFR2,9.309273121872714,4.686340557080132,13.932205686665297,-1.392854876317442,,
PSG1,6.743137554959774,3.262642159992497,10.223632949927051,-1.3967198796946332,,
EGR1,134.6208631566622,73.43910898310385,195.80261733022056,-1.4026167156625724,,
HYAL1,3.418104979406861,1.4236983970876351,5.412511561726086,-1.4036793396251133,,
IRAG1,45.92093992262119,24.736759649397662,67.10512019584472,-1.4039328407507283,,
CACNG6,9.044886504776576,4.5083782574441775,13.581394752108976,-1.4044291870732803,,
TM7SF2,60.57470932060417,32.745063133015606,88.40435550819274,-1.4056686639884766,,
TMT1B,100.64130077576574,54.69374675478331,146.58885479674817,-1.405996522861196,,
CHRNB4,4.960956920583689,2.2541891287220888,7.667724712445289,-1.4133552332848787,,
HTRA1,8.231271188967064,4.033812125081633,12.428730252852493,-1.4155996203793468,,
MPP7,20.21407086507381,10.559096445066627,29.869045285080993,-1.4171322348815647,,
EGR3,19.1907872393377,9.965888779613445,28.415685699061953,-1.4235629203803284,,
SHF,4.122283680877295,1.779622996359544,6.464944365395048,-1.4252422865698136,,
SLC7A7,21.85715450183816,11.389587176701081,32.324721826975235,-1.427464715269931,,
FLRT3,0.9568035674572201,0.05932076654531813,1.854286368369122,-1.4299905772797077,,
PDGFA-DT,20.833870876102047,10.796379511247899,30.871362240956195,-1.4339165414727586,,
FIBCD1,19.760471402572175,10.203171845794719,29.31777095934963,-1.4362564403289395,,
ESRRB,7.362937565988011,3.4999252261737697,11.225949905802253,-1.4419736270276626,,
CHI3L1,55.186745283093906,29.18581714029652,81.18767342589129,-1.4450511776330635,,
ANO4,16.066218054959826,8.126945016708584,24.005491093211067,-1.4540409937085994,,
MYO15B,49.236256374082735,25.804533447213387,72.66797930095208,-1.4585606461673843,,
CEP78,179.8539893939568,95.44711337141686,264.26086541649676,-1.4596018822699133,,
LFNG,9.894810290252513,4.8049820901707685,14.984638490334257,-1.4613225952652948,,
NXPH4,21.81368674043816,11.152304110519808,32.475069370356515,-1.4618571665062787,,
ASCL2,132.3262743042377,69.7019006907488,194.95064791772663,-1.4706694383948722,,
ENSG00000255451,1.4513139590010569,0.29660383272659063,2.606024085275523,-1.475671290213077,,
ETV1,7.513285109369292,3.4999252261737697,11.526644992564814,-1.4770271358808544,,
CPXM1,2.9143896691114657,1.0677737978157262,4.761005540407205,-1.4782422732622593,,
SCNN1A,115.1426778090082,60.091936510407265,170.19341910760915,-1.486573366542963,,
CEROX1,3.3838421367584224,1.3050568639969988,5.462627409519846,-1.487318476896038,,
TRIM2,109.25611212591814,56.88861511696009,161.62360913487618,-1.490185169952213,,
SERPINI1,2.5998872042215684,0.889811498179772,4.309962910263365,-1.4904594458938192,,
ZNF488,4.97680992572901,2.1355475956314525,7.818072255826568,-1.491745879585343,,
PDGFA,265.46974397298106,138.63263141640846,392.30685652955367,-1.494019205801415,,
VSIR,26.80890650367029,13.525134772332533,40.092678235008044,-1.5003298120867299,,
ISM2,45.42540712039773,23.194419719219386,67.65639452157608,-1.504719758485968,,
CA9,2.520110973155149,0.8304907316344537,4.209731214675845,-1.5089784727221027,,
WNT11,4.138136686022618,1.6609814632689075,6.615291908776328,-1.5169408786461593,,
KL,2.884729285838807,1.0084530312704083,4.761005540407205,-1.5202359216735064,,
SARDH,12.882328104036633,6.169359720713085,19.59529648736018,-1.5223987092517128,,
AQP5,1.3965956518315177,0.2372830661812725,2.5559082374817628,-1.523042496465082,,
KCNJ8,6.225614866537043,2.728755261084634,9.722474471989452,-1.5238718679727072,,
CCL24,3.9284683760960193,1.5423399301782712,6.314596822013767,-1.5246214031796033,,
ADAMTS8,50.02174572829776,25.27064654830552,74.77284490829,-1.528229208059385,,
ENSG00000286369,1.8660481194784744,0.474566132362545,3.2575301065944036,-1.5297262049419722,,
IDI1,35.47996977701165,17.73690919705012,53.223030356973176,-1.533022754635373,,
KRT18P35,2.570226820948909,0.8304907316344537,4.309962910263365,-1.5364713151058351,,
LINC01992,3.6139659112061215,1.364377630542317,5.863554191869926,-1.5374953721949507,,
APLN,21.90675914429211,10.737058744702582,33.07645954388164,-1.5377045303540644,,
LINC03033,1.9959401983386533,0.5338868989078631,3.4579934977694435,-1.5392024026499829,,
CD8B2,71.92645924557189,36.3043091257347,107.54860936540908,-1.540927048477896,,
ANKRD37,5.36188370293377,2.2541891287220888,8.46957827714545,-1.5410020766570725,,
ERICH2-DT,6.091120328301084,2.6101137279939977,9.57212692860817,-1.5501494595494387,,
IL16,13.941920199439169,6.5846050865303125,21.299235312348024,-1.5558482683207369,,
STARD4,106.22819539409036,53.38868989078632,159.06770089739442,-1.5573036445867579,,
GRM8,4.028700071683539,1.5423399301782712,6.515060213188807,-1.5636277210096536,,
MAFB,5.671783708447888,2.372830661812725,8.97073675508305,-1.5637402243730931,,
HEY2,8.957950981976584,4.033812125081633,13.882089838871536,-1.5638538557008943,,
KLK6,94.72865556375791,47.27865093661855,142.1786601908973,-1.5683592165529054,,
NDP,3.92386591672024,1.4830191636329533,6.364712669807527,-1.5685338443112622,,
SCARA3,36.831052040425185,18.03351302977671,55.62859105107366,-1.5729887697713054,,
SEMA3A,14.666554365430704,6.881208919256903,22.451899811604505,-1.5732159480154697,,
MVK,28.01628931009631,13.584455538877851,42.44812308131477,-1.5748623261748464,,
SCD,918.1242499146201,458.9647707611264,1377.2837290681139,-1.5832776343732555,,
SIPA1L2,14.08766528344467,6.525284319984994,21.650046246904346,-1.5896960001119411,,
TRIB2,71.8139545935352,35.17721456137365,108.45069462569676,-1.5971278724903184,,
GJB1,160.73582070526948,79.31186487109034,242.1597765394486,-1.5982195529687488,,
HAS2,7.465214888593516,3.203321393447179,11.727108383739852,-1.598302997348088,,
ID2,97.54690479131783,47.753217068981094,147.34059251365457,-1.6053441107139248,,
DRAXIN,9.078638142085206,3.974491358536315,14.182784925634095,-1.609815520756295,,
DDIT4,26.97459584685708,12.753964807243399,41.19522688647076,-1.6172322516238764,,
GGT7,2.8504664431903683,0.889811498179772,4.811121388200965,-1.6205742533137082,,
SLC6A9,20.511697914138765,9.55064341379622,31.472752414481313,-1.6218986916826486,,
LZTS1,16.421120243552117,7.533737351255403,25.30850313584883,-1.6242795528982066,,
SOWAHA,4.698615930505536,1.779622996359544,7.617608864651528,-1.6323983972679856,,
MSMO1,71.77918054554696,34.40604459628451,109.15231649480941,-1.6374322486682256,,
ANKRD1,141.12262880838097,68.10023999402522,214.1450176227367,-1.6385468040127162,,
COL6A3,4.723673854402417,1.779622996359544,7.667724712445289,-1.6407641123238008,,
HES6,47.75528283746777,22.541891287220892,72.96867438771464,-1.6516841941310532,,
ACOX2,5.503026327563491,2.1355475956314525,8.87050505949553,-1.654406488244381,,
HMGCS1,55.01338624849247,25.982495746849338,84.04427675013561,-1.6561903530961226,,
FOS,36.81213099758226,17.14370153159694,56.480560463567585,-1.6636053159501136,,
LGR6,15.728192087851223,6.999850452347539,24.45653372335491,-1.669991052834006,,
CD8B,12.631237659728026,5.516831288714586,19.745644030741463,-1.6705658938623005,,
ATP12A,1.2324407303229001,0.05932076654531813,2.4055606941004823,-1.6847528349145984,,
KCNJ5,246.0023003827331,115.73481552991566,376.2697852355505,-1.6923616610370307,,
ADGRG2,6.952294659546563,2.728755261084634,11.175834058008492,-1.7072545886436454,,
REEP2,11.163559490241836,4.686340557080132,17.64077842340354,-1.7128896967296083,,
CHRNA3,10.409264940977641,4.330415957808224,16.488113924147058,-1.7140546815384454,,
GYG2,1.6722328146971979,0.2372830661812725,3.107182563213123,-1.7309734776655645,,
CLIC5,15.835071869832507,6.762567386166267,24.907576353498747,-1.7387682657049366,,
SLC4A8,36.77275449021823,16.313210799962484,57.23229818047398,-1.7499462541867392,,
ADGRB1,7.4125422084419625,2.8473967941752703,11.977687622708654,-1.7540788132848277,,
JDP2,18.214040218357933,7.711699650891357,28.716380785824512,-1.7702322971031885,,
VLDLR,26.857488735444623,11.567549476337035,42.14742799455221,-1.7795711946485662,,
HR,39.005466549398356,16.669135399234396,61.34179769956231,-1.818968310914855,,
NCAM1,99.63694141550752,43.36348034462755,155.9104024863875,-1.8224965445268158,,
CHN2,1.9524724369386572,0.29660383272659063,3.608341041150724,-1.829509745044706,,
OLMALINC,10.901218500163683,4.2117744247175875,17.59066257560978,-1.8347316413185042,,
ID2-AS1,11.600794742258339,4.5083782574441775,18.6932112270725,-1.8379988429897032,,
ACSS2,120.7715081840309,51.253142295154866,190.28987407290694,-1.8721708038321754,,
GABRA3,12.006323983984199,4.567699023989496,19.444948943978904,-1.8765913302188588,,
TRMT9B,3.9714249321562063,1.1270945643610444,6.815755299951368,-1.8775011266104333,,
DOCK11,14.355631949236967,5.457510522169268,23.253753376304665,-1.9091580338045202,,
LINC01451,7.0249115988794095,2.372830661812725,11.676992535946093,-1.910180731469945,,
IDH1,68.9292269190139,28.355326408662066,109.50312742936572,-1.9123929974085228,,
SYT8,4.691456638771963,1.364377630542317,8.01853564700161,-1.9314327235858613,,
CASS4,3.8870462417140077,1.0084530312704083,6.7656394521576075,-1.951020002880281,,
PRSS56,4.481788328845365,1.2457360974516807,7.717840560239049,-1.956782415933798,,
KCNJ10,4.222004171125007,1.1270945643610444,7.316913777888969,-1.9671641028632638,,
FBN3,2.9276858418989935,0.5932076654531813,5.262164018344806,-1.9747269698629697,,
HSD17B7,8.410256704941384,2.788076027629952,14.032437382252816,-1.9885417575293651,,
VIL1,39.598675020510285,14.948833169420169,64.2485168716004,-2.0324942299218733,,
UROC1,15.17333851908245,5.338868989078632,25.007808049086268,-2.0366474573726046,,
MLXIPL,23.310514893515947,8.482869615980492,38.1381601710514,-2.0451803335446086,,
CEMIP,114.12451268194016,42.77027267917437,185.47875268470597,-2.0909879829519267,,
KLK7,5.698376054022943,1.4236983970876351,9.97305371095825,-2.1786829844472804,,
CCDC3,94.10221149462966,32.745063133015606,155.4593598562437,-2.2130396094369966,,
ENSG00000289609,4.3539418770031695,0.889811498179772,7.818072255826568,-2.2222209604918133,,
CCN2,6.723705306777038,1.7203022298142256,11.727108383739852,-2.2260658230441503,,
PCSK9,74.6378319137855,25.389288081396156,123.88637574617486,-2.2425917614081556,,
ALPP,14.523366919441745,4.389736724353542,24.656997114529947,-2.251065620176499,,
BDNF,15.77881994664354,4.74566132362545,26.81197856966163,-2.2751615217439047,,
DKK4,28.258687652310666,8.957435748343038,47.559939556278295,-2.2859204552839607,,
QPRT,7.384416246847478,1.838943762904862,12.929888730790095,-2.294757558141999,,
ENSG00000286710,24.109300420518505,7.4744165847100845,40.744184256326925,-2.3003892618034536,,
CDH1,25.984553458748536,8.067624250163266,43.90148266733381,-2.307966570059685,,
CALHM1,3.1598552433646776,0.3559245992719088,5.963785887457447,-2.3605948909286028,,
INSIG1,116.33165722320109,36.660233725006606,196.00308072139558,-2.3871043319571457,,
NFE2,14.131133850503412,3.8558498254456786,24.406417875561147,-2.387397270123515,,
ENSG00000234471,4.510937506778214,0.6525284319984994,8.369346581557929,-2.503273344077817,,
KANK4,7.021843561181805,1.364377630542317,12.679309491821293,-2.5324630257887724,,
SEMA6B,65.09178773673008,17.97419226323139,112.20938321022876,-2.576883162877017,,
PARM1,9.555250707124483,1.7203022298142256,17.39019918443474,-2.7570982545204146,,
LINC03040,10.755985427156737,2.0169060625408166,19.49506479177266,-2.7641348697479704,,
LINC00868,8.349913527716447,1.364377630542317,15.335449424890578,-2.7884737656102634,,
DBH,12.095305939460923,1.838943762904862,22.351668116016985,-3.0400994360149953,,
TENM2,12.621522341295403,1.838943762904862,23.404100919685945,-3.103697425981406,,
MYH7B,231.26774926183776,45.321065640623054,417.2144328830525,-3.1745025024533455,,
LRP2,40.553946583265564,7.237133518528812,73.87075964800232,-3.1841881131229997,,
SYT12,9.340468732482295,0.889811498179772,17.79112596678482,-3.313737272673259,,
DBH-AS1,25.949269011079227,3.7372082923550423,48.16132972980341,-3.3754149257620387,,
EDN3,8.825502876417358,0.7118491985438176,16.9391565542909,-3.3894845391124404,,
